gene	mock_log2cpm	ebov_log2cpm	difference_log2
BST2	0.397	1.011	0.614
DDX58	4.184	5.604	1.419
IFI27	0.218	0.871	0.653
IFI6	3.586	4.959	1.373
IFIH1	3.92	4.472	0.552
IFIT1	3.945	6.034	2.089
IFIT2	2.653	5.017	2.364
IFIT3	3.066	5.165	2.099
IFNAR1	5.452	5.62	0.167
IFNAR2	2.652	2.465	-0.186
IFNLR1	3.492	3.626	0.134
IL10RB	4.06	3.697	-0.363
IRF7	3.716	3.78	0.064
ISG15	2.324	4.149	1.825
MX1	1.246	4.054	2.807
MX2	0.0	0.137	0.137
OAS1	0.561	3.072	2.511
OAS2	0.123	2.339	2.215
RSAD2	0.102	2.812	2.71
STAT1	6.113	6.976	0.862
USP18	1.094	2.748	1.654
