cell_type	delta_restriction	delta_rank	KPNA1_z	KPNA5_z	KPNA6_z	KPNA1_nCPM	KPNA5_nCPM	KPNA6_nCPM	KPNA_axis	kpna_max	cargo_axis	quadrant	amplified_groups	sanctuary_groups
adipocytes	-1.1311597146385028	149	1.0133918576807484	0.8812984483045856	0.7564999791664391	120.79999999999997	65.69999999999999	60.50000000000001	0.883730095050591	1.0133918576807484	1.4174229169849029	Q3_lowD_highK		
adrenal cortex cells	-0.8898910484449246	138	0.8131642984632538	0.9662579371896889	0.783779925346951	110.00000000000004	70.80000000000001	61.69999999999999	0.854400720333298	0.9662579371896889	0.06374553766333269	Q3_lowD_highK		
adrenal medulla cells	-1.0480516980313148	145	-0.7326918806657096	1.5391156986483516	-5.058317139896688	53.199999999999996	117.00000000000003	0.0	-1.4172977739713486	1.5391156986483516	0.14423195050131515	Q4_lowD_lowK		
alveolar cells type 1	0.46394438715764547	35	0.5423482900956506	0.17658924972455242	0.12791339249595407	96.90000000000002	35.20000000000001	38.400000000000006	0.2822836441053857	0.5423482900956506	0.25944341233446966	Q1_highD_highK	airway_epithelium	
alveolar cells type 2	-0.06798349347559068	92	0.4223253665209886	-0.08310794820950496	0.06938922819099821	91.60000000000001	27.899999999999995	36.8	0.1362022155008273	0.4223253665209886	0.006966157541693108	Q3_lowD_highK	airway_epithelium	
astrocytes	-0.018431544209654704	88	-0.15958125220722327	1.0393713833500826	-0.10954530348253558	69.69999999999999	75.5	32.29999999999999	0.25674827588677457	1.0393713833500826	-0.016862290115534917	Q3_lowD_highK		
b-cells	0.7781334249394501	13	1.046771524424325	1.2203472023755395	0.8281067470232353	122.69999999999997	88.50000000000001	63.69999999999999	1.0317418246077	1.2203472023755395	0.6588304647430043	Q1_highD_highK		
basal keratinocytes	0.016031102305185035	84	0.4933357462895055	-0.5133528990114523	0.6566416650081838	94.7	18.9	56.300000000000004	0.21220817076207898	0.6566416650081838	-0.46473109789431044	Q3_lowD_highK		
basal prostatic cells	0.35873105928989757	42	-0.8428850014072808	0.35342916812615555	0.0315399560938641	50.5	41.2	35.8	-0.15263862572908707	0.35342916812615555	-0.189926702393676	Q2_highD_lowK		
bergmann glia	-0.5343004763659857	120	0.3319643571863632	1.3107594997340892	0.1135082339851627	87.79999999999998	95.79999999999998	37.99999999999999	0.5854106969685383	1.3107594997340892	-0.2407825634624412	Q3_lowD_highK		
brain excitatory neurons	0.1487606390041977	64	0.8382733759300156	1.0165370730541572	0.31865634966701106	111.30000000000001	74.00000000000001	44.10000000000001	0.724488932883728	1.0165370730541572	0.5954876373386877	Q1_highD_highK		
brain inhibitory neurons	0.24830043773671737	49	0.6074375097951309	1.0378630836077813	0.2046168308787689	99.89999999999995	75.4	40.6	0.6166391414272271	1.0378630836077813	0.25685863238413364	Q1_highD_highK		
breast hormone-responsive cells	-0.2176180384328391	104	0.074324310975021	-0.20948557508137147	0.3708903513650561	77.80000000000001	24.900000000000006	45.8	0.07857636241956854	0.3708903513650561	-0.2293573161944737	Q4_lowD_lowK		
breast lactating cells	-0.08075637132930052	95	-0.15348955579055024	-1.1456787070592367	-1.0504091382591638	69.9	10.499999999999998	16.1	-0.7831924670363168	-0.15348955579055024	-0.7621039899381485	Q4_lowD_lowK		
breast myoepithelial cells	0.11901508669408219	71	-1.4984391820108092	-0.37175793399966484	-1.2543300440657392	36.99999999999999	21.5	13.800000000000004	-1.0415090533587377	-0.37175793399966484	-0.17202897198315173	Q2_highD_lowK		
breast secretory cells	0.12847672853289302	68	-0.5387649696292405	-0.2688659608727383	-0.4056063687311301	58.3	23.599999999999998	26.000000000000004	-0.40441243307770297	-0.2688659608727383	-0.4815223242699451	Q2_highD_lowK		
cardiomyocytes	-1.055060650434859	147	1.588139632121074	-0.5850710346148674	0.5544854791657081	157.99999999999994	17.700000000000003	52.29999999999999	0.5191846922239716	1.588139632121074	0.6024806866575827	Q3_lowD_highK		
cdc	0.6358376400546567	22	0.23257076975113933	-0.2006155698928919	-0.12232089551353435	83.79999999999998	25.100000000000005	32.0	-0.030121898551762307	0.23257076975113933	1.0488047336958826	Q2_highD_lowK	myeloid	
cholangiocytes	0.07428179980507389	76	-1.2268615433269263	-0.23651247611485163	-0.45888413630643915	42.099999999999994	24.300000000000004	25.0	-0.640752718582739	-0.23651247611485163	-0.029133422243303286	Q2_highD_lowK	hepatic	
choroid plexus epithelial cells	-0.0800387291068354	94	0.8687808215621917	0.9662579371896889	0.9750968744814205	112.90000000000005	70.80000000000001	70.80000000000001	0.9367118777444338	0.9750968744814205	-0.3075200193561758	Q3_lowD_highK		choroid_plexus
colonocytes	0.6965167631190908	20	-1.6451936919409609	-1.5933370506687834	-0.4918434532761587	34.49999999999999	6.799999999999999	24.4	-1.243458065295301	-0.4918434532761587	0.10725449124536961	Q2_highD_lowK	gut_epithelium	
cone photoreceptor cells	-1.2095437615131186	151	0.45926775342783144	0.6980605713132939	0.5936654208794524	93.20000000000002	55.89999999999999	53.800000000000004	0.5836645818735259	0.6980605713132939	0.7860175438100938	Q3_lowD_highK		retina_PPE_and_neurons;photoreceptors_only
conjunctival goblet cells	0.09608526993967563	75	-0.5754403280652473	-0.23651247611485163	-0.03925615676347329	57.3	24.300000000000004	34.0	-0.28373632031452406	-0.03925615676347329	-0.040170065505449826	Q2_highD_lowK		
corticotrophs	-0.2172757858845943	103	0.7838242663103389	1.4208777544221445	0.5988082072034894	108.50000000000003	105.49999999999996	54.00000000000001	0.9345034093119908	1.4208777544221445	0.2802706912191701	Q3_lowD_highK		
cytotrophoblasts	0.06073994005244628	79	-0.8055248140775039	-0.9954705637053658	0.2546230018920507	51.400000000000006	12.099999999999998	42.099999999999994	-0.515457458630273	0.2546230018920507	-1.137875688307358	Q4_lowD_lowK		
decidual stromal cells	0.22087701318342554	54	-1.6757822771138846	-0.616322134022463	-0.027207492289570465	34.0	17.199999999999996	34.300000000000004	-0.7731039678086393	-0.027207492289570465	-0.212430946459006	Q2_highD_lowK		
differentiating spermatogonia	-0.7943535163432704	134	-1.0217839401978654	-0.35648492941162163	-0.13090264403687263	46.39999999999999	21.799999999999997	31.79999999999999	-0.5030571712154532	-0.13090264403687263	-1.168862601802227	Q4_lowD_lowK		testis_germline
distal convoluted tubule cells	-0.5620424866789324	121	0.05231943537048021	0.8408348232875817	1.2314955760885673	76.99999999999999	63.39999999999999	85.1	0.7082166115822098	1.2314955760885673	-0.36527273775773716	Q3_lowD_highK	urinary_renal_epithelium	
early primary spermatocytes	-1.179305873361031	150	-0.5791424046783125	0.5853182439840133	0.2837979542917803	57.20000000000002	50.599999999999994	43.0	0.09665793119916039	0.5853182439840133	-2.0872017420162825	Q3_lowD_highK		testis_germline
early spermatids	-0.7901751642409668	133	0.7897242948812896	0.48985124814493014	0.5114591152873041	108.80000000000001	46.5	50.699999999999996	0.5970115527711747	0.7897242948812896	-1.4033765130546798	Q3_lowD_highK		testis_germline
endometrial ciliated cells	0.06736921255443772	77	1.7601223985941792	0.43006619662258866	0.09529258402870053	171.19999999999993	44.10000000000001	37.49999999999999	0.7618270597484895	1.7601223985941792	0.317356248787121	Q1_highD_highK		
endometrial glandular cells	0.20223231043421344	57	0.6912754382181053	-1.0681305011241777	0.6392896414636065	103.90000000000003	11.300000000000004	55.6	0.08747819285251135	0.6912754382181053	0.8079102167226428	Q2_highD_lowK		
endometrial luminal cells	0.03953909568013825	80	0.23002627494561534	-1.2180941115562165	0.621721676086632	83.70000000000002	9.799999999999999	54.900000000000006	-0.12211538684132306	0.621721676086632	0.6091789628937875	Q4_lowD_lowK		
endometrial secretory cells	0.23633111676878607	53	0.15226091000414188	-0.4847386518587543	-0.20603394347576504	80.7	19.400000000000002	30.099999999999998	-0.17950389511012585	0.15226091000414188	0.6298780195457954	Q2_highD_lowK		
endometrial stromal cells	-0.2609582810626024	108	0.2198181654811904	-0.20948557508137147	0.5597727261128677	83.30000000000001	24.900000000000006	52.5	0.19003510550422886	0.5597727261128677	0.580906083742689	Q3_lowD_highK		
enteric stem cells	-0.014641036866549642	87	-2.2595023212409697	-0.8863693555080037	-0.5255907165320914	25.699999999999996	13.400000000000004	23.799999999999994	-1.2238207977603548	-0.5255907165320914	-0.7718942194764365	Q4_lowD_lowK	gut_epithelium	
enteric transient amplifying cells	0.12352826445902472	70	-1.9654983572240723	-1.5933370506687834	-0.46432419423190185	29.60000000000001	6.799999999999999	24.900000000000006	-1.3410532007082525	-0.46432419423190185	-0.6791545393394012	Q2_highD_lowK	gut_epithelium	
enterocytes	1.283708611085192	5	-1.4149529200140223	-1.6232892538662889	-0.29019952508086017	38.49999999999999	6.6000000000000005	28.300000000000008	-1.1094805663203904	-0.29019952508086017	0.28268864088287937	Q2_highD_lowK	gut_epithelium	
ependymal cells	0.19030534952240838	61	0.7096980769610938	1.0851761814914278	-0.16135637660415617	104.8	78.60000000000001	31.1	0.5445059606161218	1.0851761814914278	-0.43418903066793857	Q1_highD_highK		ependymal
epicardial cells	-0.6425857903809631	126	0.18370437008578913	0.4068227334833462	-1.0670174861124848	81.9	43.199999999999996	15.899999999999995	-0.15883012751444983	0.4068227334833462	1.8049912586927552	Q4_lowD_lowK		
epididymal basal cells	0.7053080330230151	18	-0.7010948450897776	-0.4029245606781224	-0.5777742329986714	54.00000000000001	20.899999999999995	22.900000000000002	-0.5605978795888571	-0.4029245606781224	0.8799483315315333	Q2_highD_lowK		
epididymal clear cells	0.12498766566224728	69	-0.3641989043212111	0.16055150873935367	-0.3797030128934278	63.29999999999998	34.7	26.5	-0.1944501361584284	0.16055150873935367	-0.6776406281205754	Q2_highD_lowK		
epididymal efferent duct absorptive cells	0.4929749163415373	33	-0.677697229326811	-0.01719886765552655	-0.9546644344576276	54.6	29.60000000000001	17.3	-0.5498535104799883	-0.01719886765552655	-0.8525306364339822	Q2_highD_lowK		
epididymal efferent duct ciliated cells	0.6892458167533638	21	-0.096460870009247	0.5019256515458178	-0.962399759481228	71.8	46.99999999999999	17.199999999999996	-0.18564499264821907	0.5019256515458178	-0.03379946316355774	Q2_highD_lowK		
epididymal principal cells	0.4202373786999463	37	-0.3641989043212111	-1.261612294620571	-0.5956063852796105	63.29999999999998	9.399999999999999	22.599999999999998	-0.7404725280737976	-0.3641989043212111	0.45405971566171854	Q2_highD_lowK		
erythrocyte progenitors	-1.037383626736336	144	0.3656973661098913	-0.8863693555080037	0.4472166845540462	89.20000000000002	13.400000000000004	48.39999999999999	-0.024485101614688736	0.4472166845540462	-0.9351349600894355	Q4_lowD_lowK		
erythrocytes	-2.0367722408262794	154	-2.667258453167098	-3.751702760465551	-1.7122599669926752	21.100000000000005	0.19999999999999996	9.700000000000003	-2.7104070602084414	-1.7122599669926752	-3.854066844214957	Q4_lowD_lowK		
esophageal apical cells	1.3885489011706815	3	-0.5865656791256146	-2.363407753411729	-1.2166826587454511	57.00000000000001	3.0	14.200000000000003	-1.3888853637609315	-0.5865656791256146	0.15903636687693778	Q2_highD_lowK		
esophageal basal cells	0.28932239368335066	46	-0.41167004665897555	-1.0221843836630191	-0.30960454931378706	61.89999999999999	11.799999999999999	27.899999999999995	-0.5811529932119273	-0.30960454931378706	-0.3006782019130224	Q2_highD_lowK		
esophageal suprabasal cells	0.42103647312720366	36	-0.144384155503314	-1.3539091397112315	-0.6883110177131352	70.19999999999999	8.6	21.100000000000005	-0.7288681043092269	-0.144384155503314	0.2757125304405309	Q2_highD_lowK		
extravillous trophoblasts	1.774327069093413	1	-0.6014893310564288	-1.7686261774876375	0.0989545660683819	56.6	5.7	37.599999999999994	-0.7570536474918947	0.0989545660683819	0.5247378849626049	Q2_highD_lowK		
fallopian secretory cells	0.7030532022163726	19	-0.16875118422820554	-0.009686821617796496	-0.4862965177124049	69.4	29.800000000000008	24.500000000000004	-0.22157817451946896	-0.009686821617796496	-0.32378133645130724	Q2_highD_lowK		
fallopian tube ciliated cells	0.597400549521236	25	-0.049579478047942355	0.764982471421697	-1.363357019314382	73.40000000000002	59.29999999999998	12.699999999999998	-0.21598467531354248	0.764982471421697	-0.2620157516953604	Q2_highD_lowK		
fibro-adipogenic progenitors	-0.8304414721405772	136	0.4269779230128469	1.3789825061627599	0.9127914005684858	91.80000000000001	101.70000000000003	67.70000000000002	0.9062506099146975	1.3789825061627599	1.415611935546322	Q3_lowD_highK		
fibroblasts	0.10386309342483842	73	-0.07289277643303761	0.1955446626894738	0.12432585998150159	72.60000000000001	35.8	38.29999999999999	0.08232591541264593	0.1955446626894738	0.6660754057485149	Q2_highD_lowK		
foveolar cells	0.5287229804669804	30	-0.5570246815844101	-1.2180941115562165	0.277366538681835	57.800000000000004	9.799999999999999	42.8	-0.49925075148626386	0.277366538681835	0.530560253995124	Q2_highD_lowK	gut_epithelium	
gastric chief cells	0.19309378364679966	59	-0.677697229326811	-0.153013895810542	-1.4373953564033564	54.6	26.2	11.999999999999998	-0.7560354938469032	-0.153013895810542	-0.778064338127098	Q2_highD_lowK	gut_epithelium	
gastric progenitor cells	0.3323416053854063	44	-0.7089508067743638	-0.736405745075966	-0.909121991905919	53.800000000000004	15.399999999999995	17.899999999999995	-0.7848261812520829	-0.7089508067743638	-0.1102533709442925	Q2_highD_lowK	gut_epithelium	
goblet cells	0.6336416705094098	23	-0.826200515103423	-0.9954705637053658	0.06938922819099821	50.9	12.099999999999998	36.8	-0.5840939502059302	0.06938922819099821	-0.13287103000548856	Q2_highD_lowK	gut_epithelium	
gonadotrophs	-0.22726791486015716	105	1.1439180717070914	1.5775557577960804	0.48944395903246424	128.39999999999995	121.00000000000004	49.9	1.0703059295118786	1.5775557577960804	0.6929268041603012	Q3_lowD_highK		
granulosa cells	0.5723731226433546	27	-1.4814813559809465	0.5209855067904705	-0.2474895799699419	37.29999999999999	47.800000000000004	29.199999999999992	-0.4026618097201393	0.5209855067904705	0.06621471439089094	Q2_highD_lowK		
hematopoietic stem cells	-0.6522252068257759	127	-0.5940145953317563	0.6356033389803115	-0.25217181737902855	56.8	52.900000000000006	29.099999999999998	-0.07019435791015777	0.6356033389803115	0.21516336666180794	Q4_lowD_lowK		
hepatic stellate cells	-0.5728060846213252	122	-2.2514407825162177	-1.638562258454332	0.9790237011711017	25.799999999999994	6.500000000000001	71.00000000000001	-0.9703264465998159	0.9790237011711017	-0.061246000215216645	Q4_lowD_lowK	hepatic	
hepatocytes	0.46690448673783624	34	0.5794730597978562	-1.3184264943123296	-0.20603394347576504	98.59999999999998	8.9	30.099999999999998	-0.3149957926634128	0.5794730597978562	0.6193677820429252	Q2_highD_lowK	hepatic	
hofbauer cells	1.0186025106908345	8	-0.8137713216317639	-1.0312283122878652	-0.7271674143011568	51.199999999999996	11.699999999999998	20.500000000000004	-0.8573890160735953	-0.7271674143011568	-0.14550563661792762	Q2_highD_lowK	myeloid	
innate lymphoid cells	0.21948165266438113	55	0.4293004424591942	0.5489972888509295	0.19781347658015133	91.90000000000002	48.99999999999999	40.39999999999999	0.3920370692967583	0.5489972888509295	0.6935148180792097	Q1_highD_highK		
kupffer cells	1.014404704380472	9	-0.9901703610789674	-0.09111558447785748	-0.08850626601556758	47.099999999999994	27.700000000000003	32.8	-0.38993073719079746	-0.08850626601556758	1.1832034581473294	Q2_highD_lowK	hepatic;myeloid	
lacrimal acinar cells	0.3106723564976363	45	0.05231943537048021	0.02715640799628329	0.5597727261128677	76.99999999999999	30.800000000000008	52.5	0.21308285649321038	0.5597727261128677	-0.20562388295494147	Q1_highD_highK		
lactotrophs	-0.2763306516503257	109	1.4552849110869164	1.604644694678367	0.933191947565057	148.49999999999994	123.90000000000005	68.69999999999999	1.3310405177767801	1.604644694678367	0.34844734460587645	Q3_lowD_highK		
late primary spermatocytes	-1.1149663478079146	148	1.198223230745803	2.910479179195175	-0.7536788654679644	131.69999999999996	386.5999999999999	20.099999999999998	1.1183411814910047	2.910479179195175	-2.0459580338066714	Q3_lowD_highK		testis_germline
late spermatids	-0.7088586983215253	130	3.0062654320594184	-1.1159836328601376	0.7927573373800572	305.9000000000001	10.800000000000002	62.1	0.8943463788597793	3.0062654320594184	-0.8656417098870575	Q3_lowD_highK		testis_germline
leydig cells	-0.35596651660119544	114	-0.30792586527362087	0.6796760279406986	0.09529258402870053	65.00000000000001	55.00000000000001	37.49999999999999	0.15568091556525943	0.6796760279406986	0.05412924821037876	Q3_lowD_highK		testis_somatic
loop of henle epithelial cells	-0.4550351769809819	118	-0.13833517791156008	0.6118273422387628	1.0441608612410165	70.4	51.800000000000004	74.4	0.5058843418560731	1.0441608612410165	-0.5181273900341156	Q3_lowD_highK	urinary_renal_epithelium	
lymphatic endothelial cells	0.18692794808558313	62	-0.026515524531886922	0.4849858612279002	-0.10109202502205064	74.20000000000002	46.3	32.5	0.11912610389132089	0.4849858612279002	0.08945994017140507	Q1_highD_highK		
macrophages	0.9482211871831948	11	0.31978781948396706	0.04514577423762774	0.16678600156047177	87.3	31.29999999999999	39.49999999999999	0.1772398650940222	0.31978781948396706	0.9758611005919855	Q1_highD_highK	myeloid	
mast cells	-0.1035310790734263	98	0.3513049271630384	0.38576105226607477	0.6591032057969648	88.60000000000001	42.39999999999999	56.399999999999984	0.4653897284086927	0.6591032057969648	0.09314205403893688	Q3_lowD_highK	myeloid	
medullary thymic epithelial cells	-0.19389592960514215	102	-0.09054465478270729	-0.8089513618692366	-0.5142517536856016	72.0	14.4	24.000000000000007	-0.4712492567791818	-0.09054465478270729	1.0659760047128886	Q4_lowD_lowK		
megakaryocyte progenitors	-0.8222954795900049	135	0.3368157857735755	-0.12785446160421204	-0.46432419423190185	88.0	26.799999999999997	24.900000000000006	-0.0851209566875128	0.3368157857735755	-0.6184638038157568	Q4_lowD_lowK		
megakaryocyte-erythroid progenitors	-0.9184204228504799	139	0.10151835479555502	0.5091100672393695	-0.3442187282218934	78.8	47.3	27.200000000000003	0.08880323127101035	0.5091100672393695	-0.20457234313183092	Q3_lowD_highK		
megakaryocytes	-0.8654507286423776	137	-1.167641553785068	-1.6856338957594437	-2.2715202120313585	43.3	6.200000000000001	6.200000000000001	-1.7082652205252902	-1.167641553785068	-1.8550835727195079	Q4_lowD_lowK		
melanocytes	-0.001949988733687268	86	-0.5206585736053231	-0.009686821617796496	-0.40038753363884266	58.8	29.800000000000008	26.100000000000005	-0.3102443096206541	-0.009686821617796496	0.3511078403621506	Q4_lowD_lowK		
mesothelial cells	0.028007979039375176	82	-0.2851747670083728	0.2916915780967598	0.45007147477806747	65.69999999999999	38.99999999999999	48.49999999999999	0.15219609528881814	0.45007147477806747	1.4221226869236305	Q3_lowD_highK		
microglia	0.7595077062580641	14	1.2764164034646703	0.9336824660904491	0.6367932777986056	136.6	68.80000000000001	55.49999999999999	0.9489640491179084	1.2764164034646703	0.5905930035695868	Q1_highD_highK	myeloid	
migrating cytotrophoblasts	0.7587294458759309	15	-1.0677656204025041	-1.3539091397112315	0.06938922819099821	45.4	8.6	36.8	-0.7840951773075792	0.06938922819099821	-0.5534931920887097	Q2_highD_lowK		
monocyte progenitors	-0.05819102350851546	90	0.24271883129054683	-0.8547757356794795	0.277366538681835	84.2	13.800000000000004	42.8	-0.11156345523569923	0.277366538681835	0.6268481226513051	Q4_lowD_lowK	myeloid	
monocytes	1.0018407175609303	10	0.6052992259337776	-0.6100037895091818	0.5624089421631574	99.79999999999994	17.3	52.599999999999994	0.18590145952925108	0.6052992259337776	1.0238544711495132	Q1_highD_highK	myeloid	
mucous neck cells	0.2149118327279759	56	-0.2594640708249557	-0.25026725140051	-0.32928003554214	66.49999999999999	24.000000000000007	27.5	-0.2796704525892019	-0.25026725140051	0.04144902531837778	Q2_highD_lowK	gut_epithelium	
myonuclei	-0.7099324320623333	131	2.3166325702902153	0.9662579371896889	2.2100067961854837	221.89999999999995	70.80000000000001	171.19999999999993	1.8309657678884628	2.3166325702902153	0.35715317234119814	Q3_lowD_highK		
myosatellite cells	-0.6418671698834643	125	0.16541811431868123	0.3506934729198818	0.47550807799631284	81.19999999999999	41.1	49.39999999999999	0.3305398884116253	0.47550807799631284	0.6340423541018655	Q3_lowD_highK		
müller glia	-0.312128609643828	111	-0.24672276878115126	0.6734821277017816	-1.0339939151073567	66.9	54.699999999999996	16.300000000000004	-0.2024115187289088	0.6734821277017816	-0.7908817680696555	Q4_lowD_lowK		retina_PPE_and_neurons
neuroendocrine cells	0.003341441736985492	85	-0.7526777428812473	0.40942859897334866	0.13506122186635908	52.70000000000001	43.3	38.60000000000001	-0.06939597401384653	0.40942859897334866	-0.160401814603854	Q4_lowD_lowK		
neutrophil progenitors	-0.11148074830859617	99	2.2528128244284287	-0.7648786729088494	1.4554190932348798	215.39999999999995	15.0	99.89999999999995	0.9811177482514863	2.2528128244284287	0.6173092115493268	Q3_lowD_highK	myeloid	
neutrophils	1.2004328685160923	6	3.6781913323065143	-1.9152481731115778	1.147038977935946	418.09999999999997	4.9	80.1	0.9699940457102941	3.6781913323065143	0.5495231372873898	Q1_highD_highK	myeloid	
nk-cells	0.2747523226366519	47	0.520207858468405	0.7021065227926166	0.6664621796360676	95.9	56.100000000000016	56.69999999999999	0.6295921869656964	0.7021065227926166	0.6192835860599419	Q1_highD_highK		
ocular epithelial cells	0.5707320441378415	29	1.0882099638870582	-0.6354875888815102	0.6979150877290158	125.10000000000002	16.899999999999995	58.00000000000001	0.38354582091152123	1.0882099638870582	0.6530072346123156	Q1_highD_highK		
oligodendrocyte progenitor cells	0.1320282627950433	66	0.317344239508635	1.2433078169586362	0.03537087644941532	87.19999999999997	90.29999999999998	35.900000000000006	0.5320076443055622	1.2433078169586362	0.0734913041165354	Q1_highD_highK		
oligodendrocytes	-0.23241886513959706	106	0.7460778186169033	0.9484554153363606	0.394817929015038	106.60000000000005	69.69999999999999	46.599999999999994	0.6964503876561006	0.9484554153363606	0.8473676660652116	Q3_lowD_highK		
oocytes	-0.9300464370054528	141	-3.531891650737383	-1.2840031921101944	-5.058317139896688	13.800000000000004	9.2	0.0	-3.2914039942480886	-1.2840031921101944	-4.16974000483072	Q4_lowD_lowK		testis_germline
other brain neurons	0.3567518983784157	43	0.553333841603973	0.7418039022820204	0.19781347658015133	97.40000000000002	58.09999999999999	40.39999999999999	0.49765040682204825	0.7418039022820204	0.4070941794907804	Q1_highD_highK		
ovarian stromal cells	0.1909144451534881	60	-1.387827290688742	0.9103193950430463	0.03537087644941532	38.99999999999999	67.40000000000002	35.900000000000006	-0.14737900639876017	0.9103193950430463	-0.2023041576075617	Q2_highD_lowK		
pancreatic acinar cells	0.37972183720656205	40	-0.2435491713025731	-0.4847386518587543	0.14924921349960574	67.00000000000001	19.400000000000002	38.99999999999999	-0.19301286988724056	0.14924921349960574	-0.13071898933672638	Q2_highD_lowK		
pancreatic duct cells	0.7085084088453776	17	-0.5206585736053231	-0.30698827546387353	-0.45346496157219357	58.8	22.800000000000004	25.100000000000005	-0.4270372702137967	-0.30698827546387353	-0.02683002663021461	Q2_highD_lowK		
pancreatic islet cells	0.15531551366619178	63	-0.22460504568724893	0.837248210789182	-0.08433582491841812	67.59999999999998	63.20000000000002	32.9	0.17610244672783834	0.837248210789182	0.01111358120335379	Q1_highD_highK		
paneth cells	0.2421811271191973	51	-3.297412952104323	-1.0403437351613358	-1.1008321156104515	15.5	11.600000000000001	15.5	-1.8128629342920366	-1.0403437351613358	-1.5517907602960692	Q2_highD_lowK	gut_epithelium	
papillary tip epithelial cells	-0.08940853677982795	96	-0.39459585534333913	0.08030383272697487	0.7994531283583165	62.4	32.29999999999999	62.4	0.16172036858065075	0.7994531283583165	-0.28054608108222134	Q3_lowD_highK	urinary_renal_epithelium	
parietal cells	0.19939617059500955	58	-0.47428132170417237	-0.14036556070756565	-1.2260008000668583	60.1	26.5	14.100000000000001	-0.6135492274928654	-0.14036556070756565	-1.2204360199095645	Q2_highD_lowK	gut_epithelium	
pdcs	1.4139787601437532	2	-0.6430700234504276	0.27133376074930143	0.6834853884871496	55.49999999999999	38.29999999999999	57.39999999999999	0.1039163752620078	0.6834853884871496	0.9386568133852029	Q1_highD_highK	myeloid	
pericytes	0.24039918187271206	52	0.09610691130969773	1.5925800092845546	0.26441513330174604	78.60000000000001	122.60000000000002	42.39999999999999	0.6510340179653328	1.5925800092845546	0.5859259045970628	Q1_highD_highK		
peritubular myoid cells	-0.06952607915333907	93	-0.7089508067743638	0.5209855067904705	-0.2758188239688228	53.800000000000004	47.800000000000004	28.599999999999994	-0.15459470798423872	0.5209855067904705	0.012168767762862118	Q4_lowD_lowK		testis_somatic
pituicytes/fscs	-0.13245763089168536	101	1.7183954149684397	1.1306242310959287	0.6517056694735114	167.90000000000006	81.8	56.100000000000016	1.1669084385126267	1.7183954149684397	0.5596232626725942	Q3_lowD_highK		
pituitary stem cells	-0.42868794532634147	117	0.6159695054847223	1.1916487869965051	0.07683881426317457	100.3	86.3	36.99999999999999	0.6281523689148006	1.1916487869965051	0.13197731610120733	Q3_lowD_highK		
plasma cells	1.3706695036705003	4	0.3319643571863632	-0.21842434068601232	0.19097717612741558	87.79999999999998	24.700000000000003	40.199999999999996	0.10150573087592214	0.3319643571863632	1.0176179120028386	Q1_highD_highK		
platelets	-1.0528679775117205	146	0.18370437008578913	-3.961936833914609	-1.5155327139391037	81.9	0.0	11.300000000000004	-1.7645883925893078	0.18370437008578913	-2.1295667211958866	Q4_lowD_lowK		
podocytes	-0.35973437576443484	115	0.02169135424800405	1.1863532783159858	1.5862744668379343	75.89999999999999	85.9	109.7	0.9314396998006415	1.5862744668379343	0.7378131689606096	Q3_lowD_highK	urinary_renal_epithelium	
prostatic club cells	0.8258457249283633	12	-0.249901043634271	-0.6354875888815102	0.08793999821661565	66.8	16.899999999999995	37.29999999999999	-0.26581621143305517	0.08793999821661565	-0.3631857926338958	Q2_highD_lowK		
prostatic glandular cells	0.14065809568509066	65	0.7420658005341026	0.3615975256977974	0.10260707337033842	106.39999999999998	41.50000000000001	37.7	0.4020901332007461	0.7420658005341026	-0.21485587365295175	Q1_highD_highK		
prostatic hillock cells	0.5758727694518676	26	-0.31775029728885545	-0.3820534933657925	0.3249027903216607	64.70000000000002	21.3	44.3	-0.12496700011099575	0.3249027903216607	-0.10598411336243413	Q2_highD_lowK		
proximal tubule cells	-0.6551147720743185	128	0.09881433049456612	0.4326201179070992	0.9731293573898476	78.69999999999999	44.20000000000001	70.7	0.5015212685971709	0.9731293573898476	-0.3148096688370824	Q3_lowD_highK	urinary_renal_epithelium	
renal collecting duct intercalated cells	-0.3092109493342617	110	0.6265872477497457	0.7877042901328715	1.4242983417088613	100.80000000000001	60.50000000000001	97.70000000000002	0.9461966265304929	1.4242983417088613	-0.4690605058617361	Q3_lowD_highK	urinary_renal_epithelium	
renal collecting duct principal cells	-0.12030325903258743	100	0.16541811431868123	0.2595372896974666	1.1539845923636116	81.19999999999999	37.9	80.5	0.5263133321265865	1.1539845923636116	-0.1861096595056273	Q3_lowD_highK	urinary_renal_epithelium	
renal connecting tubule cells	-0.47887765633070817	119	0.24777500968540564	0.3424472280837053	1.2845911544289732	84.4	40.800000000000004	88.39999999999999	0.6249377973993614	1.2845911544289732	0.08664077399848391	Q3_lowD_highK	urinary_renal_epithelium	
respiratory basal cells	0.06694899541305406	78	-0.47781360602791223	-0.10729963946097362	0.20121925213963035	60.000000000000014	27.299999999999997	40.5	-0.12796466444975182	0.20121925213963035	0.4228766624649806	Q4_lowD_lowK	airway_epithelium	
respiratory ciliated cells	0.572022113310915	28	0.3847390712676425	0.7933154690331146	-0.5660100542128846	90.00000000000001	60.800000000000004	23.099999999999998	0.20401482869595747	0.7933154690331146	-0.036273623752309275	Q1_highD_highK	airway_epithelium	
respiratory deuterosomal cells	-0.25606030135491675	107	0.10151835479555502	-0.6549769822159045	0.29974946056371926	78.8	16.600000000000005	43.49999999999999	-0.08456972228554342	0.29974946056371926	-0.26428557015084697	Q4_lowD_lowK	airway_epithelium	
respiratory ionocytes	-0.33011074326942674	113	0.5335193766473697	-0.1874371980126773	-0.0801776679070903	96.5	25.4	33.0	0.08863483690920071	0.5335193766473697	-0.5232445334006834	Q4_lowD_lowK	airway_epithelium	
respiratory secretory cells	0.39648665571262764	39	-0.5062821263758233	-0.47348885542155267	-0.19248158385999892	59.2	19.600000000000005	30.39999999999999	-0.39075085521912495	-0.19248158385999892	-0.10380804842568891	Q2_highD_lowK	airway_epithelium	
retinal amacrine cells	-0.6418075954020992	124	-0.10239336095154696	0.8300413436506467	-0.4373311484252435	71.6	62.79999999999999	25.4	0.09677227809128543	0.8300413436506467	0.32746880654425814	Q3_lowD_highK		retina_PPE_and_neurons
retinal bipolar cells	-0.7437768961469465	132	0.7137707110280299	1.1361813261337492	-0.019231802799577976	105.00000000000004	82.20000000000002	34.49999999999999	0.6102400781207337	1.1361813261337492	0.33676588236096483	Q3_lowD_highK		retina_PPE_and_neurons
retinal ganglion cells	-1.2905871252672851	153	0.2628728013262088	0.030776803399206718	-0.17017948835459853	84.99999999999999	30.89999999999999	30.89999999999999	0.041156705456939	0.2628728013262088	0.8124437886180231	Q4_lowD_lowK		retina_PPE_and_neurons
retinal horizontal cells	-0.9250602038002714	140	0.5707951442743625	1.406715805175063	0.1171233275988765	98.2	104.19999999999996	38.099999999999994	0.6982114256827674	1.406715805175063	-0.44040068799906934	Q3_lowD_highK		retina_PPE_and_neurons
retinal pigment epithelial cells	-1.0245655711730601	143	-0.6468901468541929	0.5986489703585476	0.12791339249595407	55.399999999999984	51.199999999999996	38.400000000000006	0.026557405333436257	0.5986489703585476	-0.18911712981410272	Q4_lowD_lowK		retina_PPE_and_neurons;retina_PPE_only
rod photoreceptor cells	-0.9999470539105273	142	1.791204791668846	1.0981405340417514	0.31238214696270056	173.69999999999993	79.5	43.900000000000006	1.0672424908910993	1.791204791668846	0.9793132243997266	Q3_lowD_highK		retina_PPE_and_neurons;photoreceptors_only
salivary acinar cells	0.2705182628119153	48	0.19408445798560112	-0.44038337620694445	0.5936654208794524	82.29999999999998	20.2	53.800000000000004	0.1157888342193697	0.5936654208794524	-0.1843172632903052	Q1_highD_highK		
salivary basal cells	0.02468950438716727	83	0.03845148341279044	-0.19181327532781653	0.7380160059694527	76.50000000000001	25.299999999999997	59.70000000000002	0.1948847380181422	0.7380160059694527	0.6375819851884327	Q3_lowD_highK		
salivary duct cells	0.6151801860089433	24	-0.2530840096696882	-0.6037198775619663	-0.1879928891888952	66.69999999999999	17.399999999999995	30.499999999999993	-0.3482655921401832	-0.1879928891888952	0.06929279653037812	Q2_highD_lowK		
salivary ionocytes	0.24693701517894492	50	0.15226091000414188	0.7021065227926166	0.3217830248868972	80.7	56.100000000000016	44.20000000000001	0.39205015256121856	0.7021065227926166	-0.020415377263856505	Q1_highD_highK		
salivary myoepithelial cells	-0.062294791053709976	91	0.1889006595819774	-0.11547765238250801	1.1814302837419648	82.10000000000001	27.099999999999994	82.10000000000001	0.4182844303138114	1.1814302837419648	1.0363060985939798	Q3_lowD_highK		
schwann cells	0.37614050268187543	41	0.19667169176623528	-0.1874371980126773	-0.07189791816224662	82.40000000000002	25.4	33.2	-0.02088780813622955	0.19667169176623528	0.576473935724279	Q2_highD_lowK		
sertoli cells	-0.6768722177761943	129	1.1052436946124582	0.25359348793580105	0.47550807799631284	126.09999999999998	37.7	49.39999999999999	0.611448420181524	1.1052436946124582	-0.051136291048578864	Q3_lowD_highK		testis_somatic
smooth muscle cells	-0.37224580665519746	116	0.2376507699743153	-0.37175793399966484	-0.6947132658051369	83.99999999999999	21.5	20.999999999999996	-0.27627347661016216	0.2376507699743153	-0.05464137975407641	Q4_lowD_lowK		
somatotrophs	-0.047502204156559126	89	1.372956092375506	1.4942813042841272	0.9652317519825017	142.9	112.50000000000004	70.29999999999998	1.2774897162140448	1.4942813042841272	0.4576720347429879	Q3_lowD_highK		
submucosal glandular cells	0.4154324165978613	38	-0.9283004875959269	-0.39767127146173537	-0.5030031421006036	48.49999999999999	20.999999999999996	24.200000000000006	-0.6096583003860886	-0.39767127146173537	0.16204893388960254	Q2_highD_lowK	airway_epithelium	
suprabasal keratinocytes	0.12858178306934956	67	0.5335193766473697	-0.8944048931734564	0.621721676086632	96.5	13.300000000000002	54.900000000000006	0.08694538652018176	0.621721676086632	-0.47743011834695626	Q2_highD_lowK		
syncytiotrophoblasts	0.10572549324189766	72	-0.6392566553524032	-1.6082159021206766	2.044040666725928	55.6	6.699999999999999	152.09999999999994	-0.06781063024905054	2.044040666725928	-1.4769640700521143	Q2_highD_lowK		
t-cells	0.524545614384698	31	0.645568428367506	1.0661887545617754	0.7310216401269753	101.70000000000003	77.30000000000001	59.39999999999999	0.8142596076854188	1.0661887545617754	0.654540945382269	Q1_highD_highK		
thymic myoid cells	-1.2599478233991523	152	1.0415352796075883	-0.17009709698475803	0.06564964114409923	122.39999999999998	25.799999999999994	36.699999999999996	0.3123626079223098	1.0415352796075883	-0.9944210981005295	Q3_lowD_highK		
thymocytes	0.5196866741044147	32	0.2753740484957714	0.7476423703937777	-0.26631243595954596	85.5	58.4	28.800000000000004	0.2522346609766677	0.7476423703937777	1.3014469133172604	Q1_highD_highK		
thyrotrophs	-0.314347129548659	112	1.0779247658644409	1.5632904832163126	0.7169280792964449	124.50000000000006	119.49999999999997	58.8	1.1193811094590662	1.5632904832163126	-0.2048135657192635	Q3_lowD_highK		
transitional alveolar cells	0.09720165207810065	74	0.00762438266115891	0.07683587526008202	0.22148314004567846	75.4	32.199999999999996	41.1	0.1019811326556398	0.22148314004567846	0.17547005581160507	Q1_highD_highK	airway_epithelium	
tuft cells	0.03402448454815358	81	-1.6391276989186652	0.15731701857201866	-5.058317139896688	34.599999999999994	34.599999999999994	0.0	-2.180042606747778	0.15731701857201866	0.11678041766628841	Q4_lowD_lowK	gut_epithelium	
undifferentiated spermatogonia	-0.6236066640927691	123	-0.6815792449520973	-0.19181327532781653	0.20800625215810586	54.500000000000014	25.299999999999997	40.7	-0.22179542270726935	0.20800625215810586	-1.1179731218221223	Q4_lowD_lowK		testis_germline
urothelial cells	1.1309346008112953	7	0.6287045371662622	-0.25026725140051	0.6492311845547771	100.9	24.000000000000007	56.00000000000001	0.3425561567735098	0.6492311845547771	0.6377768186736271	Q1_highD_highK	urinary_renal_epithelium	
vascular endothelial cells	0.7253195051956713	16	0.2728795900366175	0.11105485479160615	0.05059143666559047	85.40000000000002	33.2	36.3	0.14484196049793804	0.2728795900366175	0.772670436741864	Q1_highD_highK		
vascular smooth muscle cells	-0.09055465003887449	97	0.024493770623540297	0.7081489557735821	0.28058590902733815	76.0	56.399999999999984	42.89999999999999	0.33774287847482015	0.7081489557735821	0.3488251641267543	Q3_lowD_highK		
