composite	cell_type	delta_restriction	delta_rank_frozen	KPNA_axis	quadrant	composite_value	composite_rank	rank_shift
C2_equal_weight	adipocytes	-1.1311597146385028	149	0.883730095050591	Q3_lowD_highK	-0.6104036138770086	122	-27
C2_equal_weight	adrenal cortex cells	-0.8898910484449246	138	0.854400720333298	Q3_lowD_highK	-0.27153277161418354	102	-36
C2_equal_weight	adrenal medulla cells	-1.0480516980313148	145	-1.4172977739713486	Q4_lowD_lowK	-3.4972448097595126	150	5
C2_equal_weight	alveolar cells type 1	0.46394438715764547	35	0.2822836441053857	Q1_highD_highK	1.0956641972118757	27	-8
C2_equal_weight	alveolar cells type 2	-0.06798349347559068	92	0.1362022155008273	Q3_lowD_highK	0.07225058920502786	81	-11
C2_equal_weight	astrocytes	-0.018431544209654704	88	0.25674827588677457	Q3_lowD_highK	0.3077903106872211	66	-22
C2_equal_weight	b-cells	0.7781334249394501	13	1.0317418246077	Q1_highD_highK	2.5696235321567897	2	-11
C2_equal_weight	basal keratinocytes	0.016031102305185035	84	0.21220817076207898	Q3_lowD_highK	0.3032916537432903	67	-17
C2_equal_weight	basal prostatic cells	0.35873105928989757	42	-0.15263862572908707	Q2_highD_lowK	0.36090468269017734	61	19
C2_equal_weight	bergmann glia	-0.5343004763659857	120	0.5854106969685383	Q3_lowD_highK	-0.06808470071419792	91	-29
C2_equal_weight	brain excitatory neurons	0.1487606390041977	64	0.724488932883728	Q1_highD_highK	1.182506808560663	21	-43
C2_equal_weight	brain inhibitory neurons	0.24830043773671737	49	0.6166391414272271	Q1_highD_highK	1.196779704511929	20	-29
C2_equal_weight	breast hormone-responsive cells	-0.2176180384328391	104	0.07857636241956854	Q4_lowD_lowK	-0.23731687351149208	100	-4
C2_equal_weight	breast lactating cells	-0.08075637132930052	95	-0.7831924670363168	Q4_lowD_lowK	-1.1531184937116623	133	38
C2_equal_weight	breast myoepithelial cells	0.11901508669408219	71	-1.0415090533587377	Q2_highD_lowK	-1.179364685394599	134	63
C2_equal_weight	breast secretory cells	0.12847672853289302	68	-0.40441243307770297	Q2_highD_lowK	-0.32928741307029796	108	40
C2_equal_weight	cardiomyocytes	-1.055060650434859	147	0.5191846922239716	Q3_lowD_highK	-0.9693366841524709	130	-17
C2_equal_weight	cdc	0.6358376400546567	22	-0.030121898551762307	Q2_highD_lowK	0.9549042898438015	32	10
C2_equal_weight	cholangiocytes	0.07428179980507389	76	-0.640752718582739	Q2_highD_lowK	-0.7239030234038762	125	49
C2_equal_weight	choroid plexus epithelial cells	-0.0800387291068354	94	0.9367118777444338	Q3_lowD_highK	1.1029236832808573	26	-68
C2_equal_weight	colonocytes	0.6965167631190908	20	-1.243458065295301	Q2_highD_lowK	-0.540970767521801	119	99
C2_equal_weight	cone photoreceptor cells	-1.2095437615131186	151	0.5836645818735259	Q3_lowD_highK	-1.1263973733370258	132	-19
C2_equal_weight	conjunctival goblet cells	0.09608526993967563	75	-0.28373632031452406	Q2_highD_lowK	-0.2217297428944762	98	23
C2_equal_weight	corticotrophs	-0.2172757858845943	103	0.9345034093119908	Q3_lowD_highK	0.8854010705025057	36	-67
C2_equal_weight	cytotrophoblasts	0.06073994005244628	79	-0.515457458630273	Q4_lowD_lowK	-0.58081013651851	121	42
C2_equal_weight	decidual stromal cells	0.22087701318342554	54	-0.7731039678086393	Q2_highD_lowK	-0.6681626341211908	123	69
C2_equal_weight	differentiating spermatogonia	-0.7943535163432704	134	-0.5030571712154532	Q4_lowD_lowK	-1.901846302081833	145	11
C2_equal_weight	distal convoluted tubule cells	-0.5620424866789324	121	0.7082166115822098	Q3_lowD_highK	0.04953663866546132	86	-35
C2_equal_weight	early primary spermatocytes	-1.179305873361031	150	0.09665793119916039	Q3_lowD_highK	-1.7176090581711687	144	-6
C2_equal_weight	early spermatids	-0.7901751642409668	133	0.5970115527711747	Q3_lowD_highK	-0.4530415049151917	114	-19
C2_equal_weight	endometrial ciliated cells	0.06736921255443772	77	0.7618270597484895	Q1_highD_highK	1.1041705047650152	25	-52
C2_equal_weight	endometrial glandular cells	0.20223231043421344	57	0.08747819285251135	Q2_highD_lowK	0.43096451080075615	58	1
C2_equal_weight	endometrial luminal cells	0.03953909568013825	80	-0.12211538684132306	Q4_lowD_lowK	-0.0982663634198778	93	13
C2_equal_weight	endometrial secretory cells	0.23633111676878607	53	-0.17950389511012585	Q2_highD_lowK	0.13425920010988796	77	24
C2_equal_weight	endometrial stromal cells	-0.2609582810626024	108	0.19003510550422886	Q3_lowD_highK	-0.15896681845269992	96	-12
C2_equal_weight	enteric stem cells	-0.014641036866549642	87	-1.2238207977603548	Q4_lowD_lowK	-1.6274155320070163	142	55
C2_equal_weight	enteric transient amplifying cells	0.12352826445902472	70	-1.3410532007082525	Q2_highD_lowK	-1.5650306480687828	140	70
C2_equal_weight	enterocytes	1.283708611085192	5	-1.1094805663203904	Q2_highD_lowK	0.553001878193299	48	43
C2_equal_weight	ependymal cells	0.19030534952240838	61	0.5445059606161218	Q1_highD_highK	1.0115084385136854	30	-31
C2_equal_weight	epicardial cells	-0.6425857903809631	126	-0.15883012751444983	Q4_lowD_lowK	-1.2131876925200311	135	9
C2_equal_weight	epididymal basal cells	0.7053080330230151	18	-0.5605978795888571	Q2_highD_lowK	0.36805746672387096	59	41
C2_equal_weight	epididymal clear cells	0.12498766566224728	69	-0.1944501361584284	Q2_highD_lowK	-0.05946815088401103	89	20
C2_equal_weight	epididymal efferent duct absorptive cells	0.4929749163415373	33	-0.5498535104799883	Q2_highD_lowK	0.05007308086859752	85	52
C2_equal_weight	epididymal efferent duct ciliated cells	0.6892458167533638	21	-0.18564499264821907	Q2_highD_lowK	0.8345280590716075	38	17
C2_equal_weight	epididymal principal cells	0.4202373786999463	37	-0.7404725280737976	Q2_highD_lowK	-0.3135976897371159	107	70
C2_equal_weight	erythrocyte progenitors	-1.037383626736336	144	-0.024485101614688736	Q4_lowD_lowK	-1.6544820057338556	143	-1
C2_equal_weight	erythrocytes	-2.0367722408262794	154	-2.7104070602084414	Q4_lowD_lowK	-6.7388805594780035	154	0
C2_equal_weight	esophageal apical cells	1.3885489011706815	3	-1.3888853637609315	Q2_highD_lowK	0.35064318826596774	62	59
C2_equal_weight	esophageal basal cells	0.28932239368335066	46	-0.5811529932119273	Q2_highD_lowK	-0.30945814164302704	105	59
C2_equal_weight	esophageal suprabasal cells	0.42103647312720366	36	-0.7288681043092269	Q2_highD_lowK	-0.2971337290084265	104	68
C2_equal_weight	extravillous trophoblasts	1.774327069093413	1	-0.7570536474918947	Q2_highD_lowK	1.7823450074607283	9	8
C2_equal_weight	fallopian secretory cells	0.7030532022163726	19	-0.22157817451946896	Q2_highD_lowK	0.8090106239530392	39	20
C2_equal_weight	fallopian tube ciliated cells	0.597400549521236	25	-0.21598467531354248	Q2_highD_lowK	0.6511122956160129	45	20
C2_equal_weight	fibro-adipogenic progenitors	-0.8304414721405772	136	0.9062506099146975	Q3_lowD_highK	-0.11057968115787498	94	-42
C2_equal_weight	fibroblasts	0.10386309342483842	73	0.08232591541264593	Q2_highD_lowK	0.27036836414581356	71	-2
C2_equal_weight	foveolar cells	0.5287229804669804	30	-0.49925075148626386	Q2_highD_lowK	0.17232393183614803	74	44
C2_equal_weight	gastric chief cells	0.19309378364679966	59	-0.7560354938469032	Q2_highD_lowK	-0.6892352429735117	124	65
C2_equal_weight	gastric progenitor cells	0.3323416053854063	44	-0.7848261812520829	Q2_highD_lowK	-0.5092101146252764	116	72
C2_equal_weight	goblet cells	0.6336416705094098	23	-0.5840939502059302	Q2_highD_lowK	0.22517227736664303	73	50
C2_equal_weight	gonadotrophs	-0.22726791486015716	105	1.0703059295118786	Q3_lowD_highK	1.0478212194596281	29	-76
C2_equal_weight	granulosa cells	0.5723731226433546	27	-0.4026618097201393	Q2_highD_lowK	0.3672241990327727	60	33
C2_equal_weight	hematopoietic stem cells	-0.6522252068257759	127	-0.07019435791015777	Q4_lowD_lowK	-1.1120549758687779	131	4
C2_equal_weight	hepatic stellate cells	-0.5728060846213252	122	-0.9703264465998159	Q4_lowD_lowK	-2.1679889046264553	148	26
C2_equal_weight	hepatocytes	0.46690448673783624	34	-0.3149957926634128	Q2_highD_lowK	0.317216705091696	64	30
C2_equal_weight	hofbauer cells	1.0186025106908345	8	-0.8573890160735953	Q2_highD_lowK	0.4689087393292586	54	46
C2_equal_weight	innate lymphoid cells	0.21948165266438113	55	0.3920370692967583	Q1_highD_highK	0.857239889192503	37	-18
C2_equal_weight	kupffer cells	1.014404704380472	9	-0.38993073719079746	Q2_highD_lowK	1.0752155707999589	28	19
C2_equal_weight	lacrimal acinar cells	0.3106723564976363	45	0.21308285649321038	Q1_highD_highK	0.7652324324044647	40	-5
C2_equal_weight	lactotrophs	-0.2763306516503257	109	1.3310405177767801	Q3_lowD_highK	1.3129332814399783	15	-94
C2_equal_weight	late primary spermatocytes	-1.1149663478079146	148	1.1183411814910047	Q3_lowD_highK	-0.2774863382293813	103	-45
C2_equal_weight	late spermatids	-0.7088586983215253	130	0.8943463788597793	Q3_lowD_highK	0.06395818028774847	84	-46
C2_equal_weight	leydig cells	-0.35596651660119544	114	0.15568091556525943	Q3_lowD_highK	-0.35259250821404164	109	-5
C2_equal_weight	loop of henle epithelial cells	-0.4550351769809819	118	0.5058843418560731	Q3_lowD_highK	-0.0483853193504824	88	-30
C2_equal_weight	lymphatic endothelial cells	0.18692794808558313	62	0.11912610389132089	Q1_highD_highK	0.4485224985493438	56	-6
C2_equal_weight	macrophages	0.9482211871831948	11	0.1772398650940222	Q1_highD_highK	1.7153121103170075	10	-1
C2_equal_weight	mast cells	-0.1035310790734263	98	0.4653897284086927	Q3_lowD_highK	0.44824597377252107	57	-41
C2_equal_weight	medullary thymic epithelial cells	-0.19389592960514215	102	-0.4712492567791818	Q4_lowD_lowK	-0.9210789285552121	128	26
C2_equal_weight	megakaryocyte progenitors	-0.8222954795900049	135	-0.0851209566875128	Q4_lowD_lowK	-1.3976003566063753	138	3
C2_equal_weight	megakaryocyte-erythroid progenitors	-0.9184204228504799	139	0.08880323127101035	Q3_lowD_highK	-1.319904361839366	137	-2
C2_equal_weight	megakaryocytes	-0.8654507286423776	137	-1.7082652205252902	Q4_lowD_lowK	-3.593151848964461	151	14
C2_equal_weight	melanocytes	-0.001949988733687268	86	-0.3102443096206541	Q4_lowD_lowK	-0.4098025004085175	113	27
C2_equal_weight	mesothelial cells	0.028007979039375176	82	0.15219609528881814	Q3_lowD_highK	0.24334227477139814	72	-10
C2_equal_weight	microglia	0.7595077062580641	14	0.9489640491179084	Q1_highD_highK	2.4319667916040455	3	-11
C2_equal_weight	migrating cytotrophoblasts	0.7587294458759309	15	-0.7840951773075792	Q2_highD_lowK	0.1585828051174787	75	60
C2_equal_weight	monocyte progenitors	-0.05819102350851546	90	-0.11156345523569923	Q4_lowD_lowK	-0.2372736534433783	99	9
C2_equal_weight	monocytes	1.0018407175609303	10	0.18590145952925108	Q1_highD_highK	1.8105245019720457	8	-2
C2_equal_weight	mucous neck cells	0.2149118327279759	56	-0.2796704525892019	Q2_highD_lowK	-0.030564399894131178	87	31
C2_equal_weight	myonuclei	-0.7099324320623333	131	1.8309657678884628	Q3_lowD_highK	1.2902551783337408	16	-115
C2_equal_weight	myosatellite cells	-0.6418671698834643	125	0.3305398884116253	Q3_lowD_highK	-0.5704641023832386	120	-5
C2_equal_weight	müller glia	-0.312128609643828	111	-0.2024115187289088	Q4_lowD_lowK	-0.753518988229138	126	15
C2_equal_weight	neuroendocrine cells	0.003341441736985492	85	-0.06939597401384653	Q4_lowD_lowK	-0.0857574433106291	92	7
C2_equal_weight	neutrophil progenitors	-0.11148074830859617	99	0.9811177482514863	Q3_lowD_highK	1.1119703545106359	24	-75
C2_equal_weight	neutrophils	1.2004328685160923	6	0.9699940457102941	Q1_highD_highK	3.149108310684836	1	-5
C2_equal_weight	nk-cells	0.2747523226366519	47	0.6295921869656964	Q1_highD_highK	1.25513060128554	17	-30
C2_equal_weight	ocular epithelial cells	0.5707320441378415	29	0.38354582091152123	Q1_highD_highK	1.3954331490996874	12	-17
C2_equal_weight	oligodendrocyte progenitor cells	0.1320282627950433	66	0.5320076443055622	Q1_highD_highK	0.9039818008638354	34	-32
C2_equal_weight	oligodendrocytes	-0.23241886513959706	106	0.6964503876561006	Q3_lowD_highK	0.5496137280731039	49	-57
C2_equal_weight	oocytes	-0.9300464370054528	141	-3.2914039942480886	Q4_lowD_lowK	-5.769784295459934	153	12
C2_equal_weight	other brain neurons	0.3567518983784157	43	0.49765040682204825	Q1_highD_highK	1.2103857203328001	19	-24
C2_equal_weight	ovarian stromal cells	0.1909144451534881	60	-0.14737900639876017	Q2_highD_lowK	0.10534943540875918	79	19
C2_equal_weight	pancreatic acinar cells	0.37972183720656205	40	-0.19301286988724056	Q2_highD_lowK	0.3407989097550382	63	23
C2_equal_weight	pancreatic duct cells	0.7085084088453776	17	-0.4270372702137967	Q2_highD_lowK	0.5481702690604278	50	33
C2_equal_weight	pancreatic islet cells	0.15531551366619178	63	0.17610244672783834	Q1_highD_highK	0.47378345943997763	53	-10
C2_equal_weight	paneth cells	0.2421811271191973	51	-1.8128629342920366	Q2_highD_lowK	-1.9980445255630304	147	96
C2_equal_weight	papillary tip epithelial cells	-0.08940853677982795	96	0.16172036858065075	Q3_lowD_highK	0.07219979052801664	82	-14
C2_equal_weight	parietal cells	0.19939617059500955	58	-0.6135492274928654	Q2_highD_lowK	-0.4925689712959768	115	57
C2_equal_weight	pdcs	1.4139787601437532	2	0.1039163752620078	Q1_highD_highK	2.3475851276678945	4	2
C2_equal_weight	pericytes	0.24039918187271206	52	0.6510340179653328	Q1_highD_highK	1.2295169964900148	18	-34
C2_equal_weight	peritubular myoid cells	-0.06952607915333907	93	-0.15459470798423872	Q4_lowD_lowK	-0.31141782783242433	106	13
C2_equal_weight	pituicytes/fscs	-0.13245763089168536	101	1.1669084385126267	Q3_lowD_highK	1.3227494091301228	14	-87
C2_equal_weight	pituitary stem cells	-0.42868794532634147	117	0.6281523689148006	Q3_lowD_highK	0.15312181005793102	76	-41
C2_equal_weight	plasma cells	1.3706695036705003	4	0.10150573087592214	Q1_highD_highK	2.27669258312718	5	1
C2_equal_weight	platelets	-1.0528679775117205	146	-1.7645883925893078	Q4_lowD_lowK	-3.960100355409245	152	6
C2_equal_weight	podocytes	-0.35973437576443484	115	0.9314396998006415	Q3_lowD_highK	0.6585911382330367	44	-71
C2_equal_weight	prostatic club cells	0.8258457249283633	12	-0.26581621143305517	Q2_highD_lowK	0.9430484562137806	33	21
C2_equal_weight	prostatic glandular cells	0.14065809568509066	65	0.4020901332007461	Q1_highD_highK	0.7471468115364397	42	-23
C2_equal_weight	prostatic hillock cells	0.5758727694518676	26	-0.12496700011099575	Q2_highD_lowK	0.7367754687267575	43	17
C2_equal_weight	proximal tubule cells	-0.6551147720743185	128	0.5015212685971709	Q3_lowD_highK	-0.36701319091522056	111	-17
C2_equal_weight	renal collecting duct intercalated cells	-0.3092109493342617	110	0.9461966265304929	Q3_lowD_highK	0.7569529096911994	41	-69
C2_equal_weight	renal collecting duct principal cells	-0.12030325903258743	100	0.5263133321265865	Q3_lowD_highK	0.5018909839775373	52	-48
C2_equal_weight	renal connecting tubule cells	-0.47887765633070817	119	0.6249377973993614	Q3_lowD_highK	0.0704148095407966	83	-36
C2_equal_weight	respiratory basal cells	0.06694899541305406	78	-0.12796466444975182	Q4_lowD_lowK	-0.0630684273668438	90	12
C2_equal_weight	respiratory ciliated cells	0.572022113310915	28	0.20401482869595747	Q1_highD_highK	1.1620725033295223	22	-6
C2_equal_weight	respiratory deuterosomal cells	-0.25606030135491675	107	-0.08456972228554342	Q4_lowD_lowK	-0.5113337193251336	117	10
C2_equal_weight	respiratory ionocytes	-0.33011074326942674	113	0.08863483690920071	Q4_lowD_lowK	-0.40005855714178645	112	-1
C2_equal_weight	respiratory secretory cells	0.39648665571262764	39	-0.39075085521912495	Q2_highD_lowK	0.10776876927860335	78	39
C2_equal_weight	retinal amacrine cells	-0.6418075954020992	124	0.09677227809128543	Q3_lowD_highK	-0.8768572938099897	127	3
C2_equal_weight	retinal bipolar cells	-0.7437768961469465	132	0.6102400781207337	Q3_lowD_highK	-0.36313497771818115	110	-22
C2_equal_weight	retinal ganglion cells	-1.2905871252672851	153	0.041156705456939	Q4_lowD_lowK	-1.9644096731610943	146	-7
C2_equal_weight	retinal horizontal cells	-0.9250602038002714	140	0.6982114256827674	Q3_lowD_highK	-0.5313098956413861	118	-22
C2_equal_weight	retinal pigment epithelial cells	-1.0245655711730601	143	0.026557405333436257	Q4_lowD_lowK	-1.5675152072363427	141	-2
C2_equal_weight	rod photoreceptor cells	-0.9999470539105273	142	1.0672424908910993	Q3_lowD_highK	-0.1645999950046051	97	-45
C2_equal_weight	salivary acinar cells	0.2705182628119153	48	0.1157888342193697	Q1_highD_highK	0.5748752774733671	46	-2
C2_equal_weight	salivary basal cells	0.02468950438716727	83	0.1948847380181422	Q3_lowD_highK	0.29412038042806216	69	-14
C2_equal_weight	salivary duct cells	0.6151801860089433	24	-0.3482655921401832	Q2_highD_lowK	0.5054882282488136	51	27
C2_equal_weight	salivary ionocytes	0.24693701517894492	50	0.39205015256121856	Q1_highD_highK	0.9001949072122527	35	-15
C2_equal_weight	salivary myoepithelial cells	-0.062294791053709976	91	0.4182844303138114	Q3_lowD_highK	0.4509775644645942	55	-36
C2_equal_weight	schwann cells	0.37614050268187543	41	-0.02088780813622955	Q2_highD_lowK	0.5608664961374997	47	6
C2_equal_weight	sertoli cells	-0.6768722177761943	129	0.611448420181524	Q3_lowD_highK	-0.2569174948410148	101	-28
C2_equal_weight	smooth muscle cells	-0.37224580665519746	116	-0.27627347661016216	Q4_lowD_lowK	-0.9443756055408019	129	13
C2_equal_weight	somatotrophs	-0.047502204156559126	89	1.2774897162140448	Q3_lowD_highK	1.6005926193200808	11	-78
C2_equal_weight	submucosal glandular cells	0.4154324165978613	38	-0.6096583003860886	Q2_highD_lowK	-0.14960526524762185	95	57
C2_equal_weight	suprabasal keratinocytes	0.12858178306934956	67	0.08694538652018176	Q2_highD_lowK	0.3150827671687171	65	-2
C2_equal_weight	syncytiotrophoblasts	0.10572549324189766	72	-0.06781063024905054	Q2_highD_lowK	0.07644105513240418	80	8
C2_equal_weight	t-cells	0.524545614384698	31	0.8142596076854188	Q1_highD_highK	1.8878986197240526	7	-24
C2_equal_weight	thymic myoid cells	-1.2599478233991523	152	0.3123626079223098	Q3_lowD_highK	-1.5609217081277091	139	-13
C2_equal_weight	thymocytes	0.5196866741044147	32	0.2522346609766677	Q1_highD_highK	1.1434440143852043	23	-9
C2_equal_weight	thyrotrophs	-0.314347129548659	112	1.1193811094590662	Q3_lowD_highK	0.9759778272320387	31	-81
C2_equal_weight	transitional alveolar cells	0.09720165207810065	74	0.1019811326556398	Q1_highD_highK	0.28571985444264547	70	-4
C2_equal_weight	tuft cells	0.03402448454815358	81	-2.180042606747778	Q4_lowD_lowK	-2.8049831993357413	149	68
C2_equal_weight	undifferentiated spermatogonia	-0.6236066640927691	123	-0.22179542270726935	Q4_lowD_lowK	-1.2660580315276917	136	13
C2_equal_weight	urothelial cells	1.1309346008112953	7	0.3425561567735098	Q1_highD_highK	2.217802133339227	6	-1
C2_equal_weight	vascular endothelial cells	0.7253195051956713	16	0.14484196049793804	Q1_highD_highK	1.3242367195770492	13	-3
C2_equal_weight	vascular smooth muscle cells	-0.09055465003887449	97	0.33774287847482015	Q3_lowD_highK	0.30118569534961803	68	-29
C3_weakest_link	adipocytes	-1.1311597146385028	149	0.883730095050591	Q3_lowD_highK	-1.7690381246991596	142	-7
C3_weakest_link	adrenal cortex cells	-0.8898910484449246	138	0.854400720333298	Q3_lowD_highK	-1.3917143363178197	130	-8
C3_weakest_link	adrenal medulla cells	-1.0480516980313148	145	-1.4172977739713486	Q4_lowD_lowK	-1.8581805940880731	145	0
C3_weakest_link	alveolar cells type 1	0.46394438715764547	35	0.2822836441053857	Q1_highD_highK	0.3700944142706993	12	-23
C3_weakest_link	alveolar cells type 2	-0.06798349347559068	92	0.1362022155008273	Q3_lowD_highK	-0.10632043402199073	44	-48
C3_weakest_link	astrocytes	-0.018431544209654704	88	0.25674827588677457	Q3_lowD_highK	-0.02882537627710498	38	-50
C3_weakest_link	b-cells	0.7781334249394501	13	1.0317418246077	Q1_highD_highK	1.2169348651711283	2	-11
C3_weakest_link	basal keratinocytes	0.016031102305185035	84	0.21220817076207898	Q3_lowD_highK	0.02507128815835504	36	-48
C3_weakest_link	basal prostatic cells	0.35873105928989757	42	-0.15263862572908707	Q2_highD_lowK	-0.20012035399118283	56	14
C3_weakest_link	bergmann glia	-0.5343004763659857	120	0.5854106969685383	Q3_lowD_highK	-0.835600756024465	102	-18
C3_weakest_link	brain excitatory neurons	0.1487606390041977	64	0.724488932883728	Q1_highD_highK	0.23264905781862655	19	-45
C3_weakest_link	brain inhibitory neurons	0.24830043773671737	49	0.6166391414272271	Q1_highD_highK	0.38832088435550355	9	-40
C3_weakest_link	breast hormone-responsive cells	-0.2176180384328391	104	0.07857636241956854	Q4_lowD_lowK	-0.34033620683969473	66	-38
C3_weakest_link	breast lactating cells	-0.08075637132930052	95	-0.7831924670363168	Q4_lowD_lowK	-1.0268223590057417	116	21
C3_weakest_link	breast myoepithelial cells	0.11901508669408219	71	-1.0415090533587377	Q2_highD_lowK	-1.3654942151608636	129	58
C3_weakest_link	breast secretory cells	0.12847672853289302	68	-0.40441243307770297	Q2_highD_lowK	-0.5302141504443797	85	17
C3_weakest_link	cardiomyocytes	-1.055060650434859	147	0.5191846922239716	Q3_lowD_highK	-1.6500256244412292	139	-8
C3_weakest_link	cdc	0.6358376400546567	22	-0.030121898551762307	Q2_highD_lowK	-0.03949200257976664	39	17
C3_weakest_link	cholangiocytes	0.07428179980507389	76	-0.640752718582739	Q2_highD_lowK	-0.8400734758394469	103	27
C3_weakest_link	choroid plexus epithelial cells	-0.0800387291068354	94	0.9367118777444338	Q3_lowD_highK	-0.12517380296531372	45	-49
C3_weakest_link	colonocytes	0.6965167631190908	20	-1.243458065295301	Q2_highD_lowK	-1.6302640764189456	138	118
C3_weakest_link	cone photoreceptor cells	-1.2095437615131186	151	0.5836645818735259	Q3_lowD_highK	-1.891624144599732	146	-5
C3_weakest_link	conjunctival goblet cells	0.09608526993967563	75	-0.28373632031452406	Q2_highD_lowK	-0.371998978569668	71	-4
C3_weakest_link	corticotrophs	-0.2172757858845943	103	0.9345034093119908	Q3_lowD_highK	-0.3398009528006009	65	-38
C3_weakest_link	cytotrophoblasts	0.06073994005244628	79	-0.515457458630273	Q4_lowD_lowK	-0.6758022656176779	93	14
C3_weakest_link	decidual stromal cells	0.22087701318342554	54	-0.7731039678086393	Q2_highD_lowK	-1.013595601839663	113	59
C3_weakest_link	differentiating spermatogonia	-0.7943535163432704	134	-0.5030571712154532	Q4_lowD_lowK	-1.2423017162958025	125	-9
C3_weakest_link	distal convoluted tubule cells	-0.5620424866789324	121	0.7082166115822098	Q3_lowD_highK	-0.8789869138448786	104	-17
C3_weakest_link	early primary spermatocytes	-1.179305873361031	150	0.09665793119916039	Q3_lowD_highK	-1.8443346449303357	144	-6
C3_weakest_link	early spermatids	-0.7901751642409668	133	0.5970115527711747	Q3_lowD_highK	-1.2357671269962232	124	-9
C3_weakest_link	endometrial ciliated cells	0.06736921255443772	77	0.7618270597484895	Q1_highD_highK	0.10535975061474714	33	-44
C3_weakest_link	endometrial glandular cells	0.20223231043421344	57	0.08747819285251135	Q2_highD_lowK	0.11469028128715382	30	-27
C3_weakest_link	endometrial luminal cells	0.03953909568013825	80	-0.12211538684132306	Q4_lowD_lowK	-0.1601021650039587	49	-31
C3_weakest_link	endometrial secretory cells	0.23633111676878607	53	-0.17950389511012585	Q2_highD_lowK	-0.23534267856939384	59	6
C3_weakest_link	endometrial stromal cells	-0.2609582810626024	108	0.19003510550422886	Q3_lowD_highK	-0.4081166807670794	74	-34
C3_weakest_link	enteric stem cells	-0.014641036866549642	87	-1.2238207977603548	Q4_lowD_lowK	-1.6045181886284732	136	49
C3_weakest_link	enteric transient amplifying cells	0.12352826445902472	70	-1.3410532007082525	Q2_highD_lowK	-1.7582184061527695	141	71
C3_weakest_link	enterocytes	1.283708611085192	5	-1.1094805663203904	Q2_highD_lowK	-1.4546098185687768	133	128
C3_weakest_link	ependymal cells	0.19030534952240838	61	0.5445059606161218	Q1_highD_highK	0.29762147138251677	15	-46
C3_weakest_link	epicardial cells	-0.6425857903809631	126	-0.15883012751444983	Q4_lowD_lowK	-1.0049498288021623	112	-14
C3_weakest_link	epididymal basal cells	0.7053080330230151	18	-0.5605978795888571	Q2_highD_lowK	-0.7349846447723234	96	78
C3_weakest_link	epididymal clear cells	0.12498766566224728	69	-0.1944501361584284	Q2_highD_lowK	-0.2549382890194811	62	-7
C3_weakest_link	epididymal efferent duct absorptive cells	0.4929749163415373	33	-0.5498535104799883	Q2_highD_lowK	-0.7208979944293427	95	62
C3_weakest_link	epididymal efferent duct ciliated cells	0.6892458167533638	21	-0.18564499264821907	Q2_highD_lowK	-0.24339410465730185	60	39
C3_weakest_link	epididymal principal cells	0.4202373786999463	37	-0.7404725280737976	Q2_highD_lowK	-0.9708134080156127	106	69
C3_weakest_link	erythrocyte progenitors	-1.037383626736336	144	-0.024485101614688736	Q4_lowD_lowK	-1.622380254429187	137	-7
C3_weakest_link	erythrocytes	-2.0367722408262794	154	-2.7104070602084414	Q4_lowD_lowK	-3.553541036931343	153	-1
C3_weakest_link	esophageal apical cells	1.3885489011706815	3	-1.3888853637609315	Q2_highD_lowK	-1.8209298552145257	143	140
C3_weakest_link	esophageal basal cells	0.28932239368335066	46	-0.5811529932119273	Q2_highD_lowK	-0.761933895624979	98	52
C3_weakest_link	esophageal suprabasal cells	0.42103647312720366	36	-0.7288681043092269	Q2_highD_lowK	-0.9555991633869213	105	69
C3_weakest_link	extravillous trophoblasts	1.774327069093413	1	-0.7570536474918947	Q2_highD_lowK	-0.9925524630658663	109	108
C3_weakest_link	fallopian secretory cells	0.7030532022163726	19	-0.22157817451946896	Q2_highD_lowK	-0.29050512286619923	64	45
C3_weakest_link	fallopian tube ciliated cells	0.597400549521236	25	-0.21598467531354248	Q2_highD_lowK	-0.2831716380697222	63	38
C3_weakest_link	fibro-adipogenic progenitors	-0.8304414721405772	136	0.9062506099146975	Q3_lowD_highK	-1.298740226986838	128	-8
C3_weakest_link	fibroblasts	0.10386309342483842	73	0.08232591541264593	Q2_highD_lowK	0.10793527035724232	32	-41
C3_weakest_link	foveolar cells	0.5287229804669804	30	-0.49925075148626386	Q2_highD_lowK	-0.6545540923247202	91	61
C3_weakest_link	gastric chief cells	0.19309378364679966	59	-0.7560354938469032	Q2_highD_lowK	-0.9912175894918944	108	49
C3_weakest_link	gastric progenitor cells	0.3323416053854063	44	-0.7848261812520829	Q2_highD_lowK	-1.028964277315199	118	74
C3_weakest_link	goblet cells	0.6336416705094098	23	-0.5840939502059302	Q2_highD_lowK	-0.7657897044145401	99	76
C3_weakest_link	gonadotrophs	-0.22726791486015716	105	1.0703059295118786	Q3_lowD_highK	-0.35542779742380326	68	-37
C3_weakest_link	granulosa cells	0.5723731226433546	27	-0.4026618097201393	Q2_highD_lowK	-0.5279189557363071	84	57
C3_weakest_link	hematopoietic stem cells	-0.6522252068257759	127	-0.07019435791015777	Q4_lowD_lowK	-1.0200250608582966	114	-13
C3_weakest_link	hepatic stellate cells	-0.5728060846213252	122	-0.9703264465998159	Q4_lowD_lowK	-1.272168633942033	126	4
C3_weakest_link	hepatocytes	0.46690448673783624	34	-0.3149957926634128	Q2_highD_lowK	-0.4129824232394344	75	41
C3_weakest_link	hofbauer cells	1.0186025106908345	8	-0.8573890160735953	Q2_highD_lowK	-1.124099438036956	122	114
C3_weakest_link	innate lymphoid cells	0.21948165266438113	55	0.3920370692967583	Q1_highD_highK	0.34325074188073684	13	-42
C3_weakest_link	kupffer cells	1.014404704380472	9	-0.38993073719079746	Q2_highD_lowK	-0.5112275925306319	81	72
C3_weakest_link	lacrimal acinar cells	0.3106723564976363	45	0.21308285649321038	Q1_highD_highK	0.2793671422760183	16	-29
C3_weakest_link	lactotrophs	-0.2763306516503257	109	1.3310405177767801	Q3_lowD_highK	-0.43215776823223667	76	-33
C3_weakest_link	late primary spermatocytes	-1.1149663478079146	148	1.1183411814910047	Q3_lowD_highK	-1.7437130685467626	140	-8
C3_weakest_link	late spermatids	-0.7088586983215253	130	0.8943463788597793	Q3_lowD_highK	-1.108595051721898	120	-10
C3_weakest_link	leydig cells	-0.35596651660119544	114	0.15568091556525943	Q3_lowD_highK	-0.5567015257302699	86	-28
C3_weakest_link	loop of henle epithelial cells	-0.4550351769809819	118	0.5058843418560731	Q3_lowD_highK	-0.7116365317304826	94	-24
C3_weakest_link	lymphatic endothelial cells	0.18692794808558313	62	0.11912610389132089	Q1_highD_highK	0.15618299736682392	25	-37
C3_weakest_link	macrophages	0.9482211871831948	11	0.1772398650940222	Q1_highD_highK	0.23237437034396866	20	9
C3_weakest_link	mast cells	-0.1035310790734263	98	0.4653897284086927	Q3_lowD_highK	-0.16191385142341827	50	-48
C3_weakest_link	medullary thymic epithelial cells	-0.19389592960514215	102	-0.4712492567791818	Q4_lowD_lowK	-0.6178420936003	90	-12
C3_weakest_link	megakaryocyte progenitors	-0.8222954795900049	135	-0.0851209566875128	Q4_lowD_lowK	-1.2860005835934354	127	-8
C3_weakest_link	megakaryocyte-erythroid progenitors	-0.9184204228504799	139	0.08880323127101035	Q3_lowD_highK	-1.4363318649869457	131	-8
C3_weakest_link	megakaryocytes	-0.8654507286423776	137	-1.7082652205252902	Q4_lowD_lowK	-2.239660105752658	149	12
C3_weakest_link	melanocytes	-0.001949988733687268	86	-0.3102443096206541	Q4_lowD_lowK	-0.40675288295133166	73	-13
C3_weakest_link	mesothelial cells	0.028007979039375176	82	0.15219609528881814	Q3_lowD_highK	0.04380211041396892	34	-48
C3_weakest_link	microglia	0.7595077062580641	14	0.9489640491179084	Q1_highD_highK	1.1878058164427412	3	-11
C3_weakest_link	migrating cytotrophoblasts	0.7587294458759309	15	-0.7840951773075792	Q2_highD_lowK	-1.028005877909778	117	102
C3_weakest_link	monocyte progenitors	-0.05819102350851546	90	-0.11156345523569923	Q4_lowD_lowK	-0.14626781424168117	48	-42
C3_weakest_link	monocytes	1.0018407175609303	10	0.18590145952925108	Q1_highD_highK	0.24373035141511998	18	8
C3_weakest_link	mucous neck cells	0.2149118327279759	56	-0.2796704525892019	Q2_highD_lowK	-0.36666832989154813	70	14
C3_weakest_link	myonuclei	-0.7099324320623333	131	1.8309657678884628	Q3_lowD_highK	-1.110274280480387	121	-10
C3_weakest_link	myosatellite cells	-0.6418671698834643	125	0.3305398884116253	Q3_lowD_highK	-1.0038259671221414	111	-14
C3_weakest_link	müller glia	-0.312128609643828	111	-0.2024115187289088	Q4_lowD_lowK	-0.4881427468849842	79	-32
C3_weakest_link	neuroendocrine cells	0.003341441736985492	85	-0.06939597401384653	Q4_lowD_lowK	-0.0909831755814049	42	-43
C3_weakest_link	neutrophil progenitors	-0.11148074830859617	99	0.9811177482514863	Q3_lowD_highK	-0.1743464617557778	53	-46
C3_weakest_link	neutrophils	1.2004328685160923	6	0.9699940457102941	Q1_highD_highK	1.2717328321693149	1	-5
C3_weakest_link	nk-cells	0.2747523226366519	47	0.6295921869656964	Q1_highD_highK	0.42968939514364884	8	-39
C3_weakest_link	ocular epithelial cells	0.5707320441378415	29	0.38354582091152123	Q1_highD_highK	0.5028565023173289	6	-23
C3_weakest_link	oligodendrocyte progenitor cells	0.1320282627950433	66	0.5320076443055622	Q1_highD_highK	0.20648103658542427	23	-43
C3_weakest_link	oligodendrocytes	-0.23241886513959706	106	0.6964503876561006	Q3_lowD_highK	-0.36348344801393334	69	-37
C3_weakest_link	oocytes	-0.9300464370054528	141	-3.2914039942480886	Q4_lowD_lowK	-4.315270327616707	154	13
C3_weakest_link	other brain neurons	0.3567518983784157	43	0.49765040682204825	Q1_highD_highK	0.5579297964053708	5	-38
C3_weakest_link	ovarian stromal cells	0.1909144451534881	60	-0.14737900639876017	Q2_highD_lowK	-0.19322461002587726	55	-5
C3_weakest_link	pancreatic acinar cells	0.37972183720656205	40	-0.19301286988724056	Q2_highD_lowK	-0.2530539282713688	61	21
C3_weakest_link	pancreatic duct cells	0.7085084088453776	17	-0.4270372702137967	Q2_highD_lowK	-0.5598769595468671	87	70
C3_weakest_link	pancreatic islet cells	0.15531551366619178	63	0.17610244672783834	Q1_highD_highK	0.2308831320352539	21	-42
C3_weakest_link	paneth cells	0.2421811271191973	51	-1.8128629342920366	Q2_highD_lowK	-2.3767953256597174	151	100
C3_weakest_link	papillary tip epithelial cells	-0.08940853677982795	96	0.16172036858065075	Q3_lowD_highK	-0.13982738970475994	46	-50
C3_weakest_link	parietal cells	0.19939617059500955	58	-0.6135492274928654	Q2_highD_lowK	-0.8044077179705061	101	43
C3_weakest_link	pdcs	1.4139787601437532	2	0.1039163752620078	Q1_highD_highK	0.1362419355099761	27	25
C3_weakest_link	pericytes	0.24039918187271206	52	0.6510340179653328	Q1_highD_highK	0.3759639884410348	11	-41
C3_weakest_link	peritubular myoid cells	-0.06952607915333907	93	-0.15459470798423872	Q4_lowD_lowK	-0.20268492027620427	57	-36
C3_weakest_link	pituicytes/fscs	-0.13245763089168536	101	1.1669084385126267	Q3_lowD_highK	-0.207152531974325	58	-43
C3_weakest_link	pituitary stem cells	-0.42868794532634147	117	0.6281523689148006	Q3_lowD_highK	-0.6704316897668215	92	-25
C3_weakest_link	plasma cells	1.3706695036705003	4	0.10150573087592214	Q1_highD_highK	0.13308140516855027	29	25
C3_weakest_link	platelets	-1.0528679775117205	146	-1.7645883925893078	Q4_lowD_lowK	-2.313503885972238	150	4
C3_weakest_link	podocytes	-0.35973437576443484	115	0.9314396998006415	Q3_lowD_highK	-0.5625941387910149	88	-27
C3_weakest_link	prostatic club cells	0.8258457249283633	12	-0.26581621143305517	Q2_highD_lowK	-0.3485044108231981	67	55
C3_weakest_link	prostatic glandular cells	0.14065809568509066	65	0.4020901332007461	Q1_highD_highK	0.21997736534847206	22	-43
C3_weakest_link	prostatic hillock cells	0.5758727694518676	26	-0.12496700011099575	Q2_highD_lowK	-0.16384083766461088	51	25
C3_weakest_link	proximal tubule cells	-0.6551147720743185	128	0.5015212685971709	Q3_lowD_highK	-1.0245440965190664	115	-13
C3_weakest_link	renal collecting duct intercalated cells	-0.3092109493342617	110	0.9461966265304929	Q3_lowD_highK	-0.4835797729249419	78	-32
C3_weakest_link	renal collecting duct principal cells	-0.12030325903258743	100	0.5263133321265865	Q3_lowD_highK	-0.18814412235518796	54	-46
C3_weakest_link	renal connecting tubule cells	-0.47887765633070817	119	0.6249377973993614	Q3_lowD_highK	-0.7489241529312584	97	-22
C3_weakest_link	respiratory basal cells	0.06694899541305406	78	-0.12796466444975182	Q4_lowD_lowK	-0.16777099391276354	52	-26
C3_weakest_link	respiratory ciliated cells	0.572022113310915	28	0.20401482869595747	Q1_highD_highK	0.26747829746940305	17	-11
C3_weakest_link	respiratory deuterosomal cells	-0.25606030135491675	107	-0.08456972228554342	Q4_lowD_lowK	-0.40045665475592696	72	-35
C3_weakest_link	respiratory ionocytes	-0.33011074326942674	113	0.08863483690920071	Q4_lowD_lowK	-0.5162652830179875	83	-30
C3_weakest_link	respiratory secretory cells	0.39648665571262764	39	-0.39075085521912495	Q2_highD_lowK	-0.5123028269895344	82	43
C3_weakest_link	retinal amacrine cells	-0.6418075954020992	124	0.09677227809128543	Q3_lowD_highK	-1.0037327976718595	110	-14
C3_weakest_link	retinal bipolar cells	-0.7437768961469465	132	0.6102400781207337	Q3_lowD_highK	-1.1632041598783873	123	-9
C3_weakest_link	retinal ganglion cells	-1.2905871252672851	153	0.041156705456939	Q4_lowD_lowK	-2.0183691111854634	148	-5
C3_weakest_link	retinal horizontal cells	-0.9250602038002714	140	0.6982114256827674	Q3_lowD_highK	-1.4467159208261215	132	-8
C3_weakest_link	retinal pigment epithelial cells	-1.0245655711730601	143	0.026557405333436257	Q4_lowD_lowK	-1.602333899628447	135	-8
C3_weakest_link	rod photoreceptor cells	-0.9999470539105273	142	1.0672424908910993	Q3_lowD_highK	-1.5638326207662459	134	-8
C3_weakest_link	salivary acinar cells	0.2705182628119153	48	0.1157888342193697	Q1_highD_highK	0.15180759379564485	26	-22
C3_weakest_link	salivary basal cells	0.02468950438716727	83	0.1948847380181422	Q3_lowD_highK	0.03861229672132016	35	-48
C3_weakest_link	salivary duct cells	0.6151801860089433	24	-0.3482655921401832	Q2_highD_lowK	-0.4566015531726661	77	53
C3_weakest_link	salivary ionocytes	0.24693701517894492	50	0.39205015256121856	Q1_highD_highK	0.3861886067880116	10	-40
C3_weakest_link	salivary myoepithelial cells	-0.062294791053709976	91	0.4182844303138114	Q3_lowD_highK	-0.09742378456202343	43	-48
C3_weakest_link	schwann cells	0.37614050268187543	41	-0.02088780813622955	Q2_highD_lowK	-0.027385437587345712	37	-4
C3_weakest_link	sertoli cells	-0.6768722177761943	129	0.611448420181524	Q3_lowD_highK	-1.0585709014384679	119	-10
C3_weakest_link	smooth muscle cells	-0.37224580665519746	116	-0.27627347661016216	Q4_lowD_lowK	-0.582160958537041	89	-27
C3_weakest_link	somatotrophs	-0.047502204156559126	89	1.2774897162140448	Q3_lowD_highK	-0.07428942975311999	40	-49
C3_weakest_link	submucosal glandular cells	0.4154324165978613	38	-0.6096583003860886	Q2_highD_lowK	-0.7993064291830659	100	62
C3_weakest_link	suprabasal keratinocytes	0.12858178306934956	67	0.08694538652018176	Q2_highD_lowK	0.11399173338471275	31	-36
C3_weakest_link	syncytiotrophoblasts	0.10572549324189766	72	-0.06781063024905054	Q2_highD_lowK	-0.08890467445566899	41	-31
C3_weakest_link	t-cells	0.524545614384698	31	0.8142596076854188	Q1_highD_highK	0.8203449769132085	4	-27
C3_weakest_link	thymic myoid cells	-1.2599478233991523	152	0.3123626079223098	Q3_lowD_highK	-1.97045183441415	147	-5
C3_weakest_link	thymocytes	0.5196866741044147	32	0.2522346609766677	Q1_highD_highK	0.33069800912049085	14	-18
C3_weakest_link	thyrotrophs	-0.314347129548659	112	1.1193811094590662	Q3_lowD_highK	-0.49161232438253877	80	-32
C3_weakest_link	transitional alveolar cells	0.09720165207810065	74	0.1019811326556398	Q1_highD_highK	0.13370469152212366	28	-46
C3_weakest_link	tuft cells	0.03402448454815358	81	-2.180042606747778	Q4_lowD_lowK	-2.8581946155133027	152	71
C3_weakest_link	undifferentiated spermatogonia	-0.6236066640927691	123	-0.22179542270726935	Q4_lowD_lowK	-0.9752680804665393	107	-16
C3_weakest_link	urothelial cells	1.1309346008112953	7	0.3425561567735098	Q1_highD_highK	0.4491160676265874	7	0
C3_weakest_link	vascular endothelial cells	0.7253195051956713	16	0.14484196049793804	Q1_highD_highK	0.18989835809364716	24	8
C3_weakest_link	vascular smooth muscle cells	-0.09055465003887449	97	0.33774287847482015	Q3_lowD_highK	-0.14161981390820189	47	-50
C5_fitted_weights	adipocytes	-1.1311597146385028	149	0.883730095050591	Q3_lowD_highK	-1.4793953713388395	141	-8
C5_fitted_weights	adrenal cortex cells	-0.8898910484449246	138	0.854400720333298	Q3_lowD_highK	-1.0966776358802883	131	-7
C5_fitted_weights	adrenal medulla cells	-1.0480516980313148	145	-1.4172977739713486	Q4_lowD_lowK	-2.314412473466515	151	6
C5_fitted_weights	alveolar cells type 1	0.46394438715764547	35	0.2822836441053857	Q1_highD_highK	0.8788775116714438	28	-7
C5_fitted_weights	alveolar cells type 2	-0.06798349347559068	92	0.1362022155008273	Q3_lowD_highK	-0.053846114087649194	93	1
C5_fitted_weights	astrocytes	-0.018431544209654704	88	0.25674827588677457	Q3_lowD_highK	0.07817353813405994	78	-10
C5_fitted_weights	b-cells	0.7781334249394501	13	1.0317418246077	Q1_highD_highK	1.709682979223373	7	-6
C5_fitted_weights	basal keratinocytes	0.016031102305185035	84	0.21220817076207898	Q3_lowD_highK	0.11581128151240425	74	-10
C5_fitted_weights	basal prostatic cells	0.35873105928989757	42	-0.15263862572908707	Q2_highD_lowK	0.5230305739592904	47	5
C5_fitted_weights	bergmann glia	-0.5343004763659857	120	0.5854106969685383	Q3_lowD_highK	-0.6278941334288424	120	0
C5_fitted_weights	brain excitatory neurons	0.1487606390041977	64	0.724488932883728	Q1_highD_highK	0.5493660384057454	43	-21
C5_fitted_weights	brain inhibitory neurons	0.24830043773671737	49	0.6166391414272271	Q1_highD_highK	0.6668536922170012	35	-14
C5_fitted_weights	breast hormone-responsive cells	-0.2176180384328391	104	0.07857636241956854	Q4_lowD_lowK	-0.32320411878349586	104	0
C5_fitted_weights	breast lactating cells	-0.08075637132930052	95	-0.7831924670363168	Q4_lowD_lowK	-0.46277880001451777	111	16
C5_fitted_weights	breast myoepithelial cells	0.11901508669408219	71	-1.0415090533587377	Q2_highD_lowK	-0.2446563572420263	103	32
C5_fitted_weights	breast secretory cells	0.12847672853289302	68	-0.40441243307770297	Q2_highD_lowK	0.039714451676355095	82	14
C5_fitted_weights	cardiomyocytes	-1.055060650434859	147	0.5191846922239716	Q3_lowD_highK	-1.5086280614734597	142	-5
C5_fitted_weights	cdc	0.6358376400546567	22	-0.030121898551762307	Q2_highD_lowK	1.028519882166291	20	-2
C5_fitted_weights	cholangiocytes	0.07428179980507389	76	-0.640752718582739	Q2_highD_lowK	-0.1487775711274319	100	24
C5_fitted_weights	choroid plexus epithelial cells	-0.0800387291068354	94	0.9367118777444338	Q3_lowD_highK	0.2642550917376625	62	-32
C5_fitted_weights	colonocytes	0.6965167631190908	20	-1.243458065295301	Q2_highD_lowK	0.6158170175469414	38	18
C5_fitted_weights	cone photoreceptor cells	-1.2095437615131186	151	0.5836645818735259	Q3_lowD_highK	-1.7343931441409142	146	-5
C5_fitted_weights	conjunctival goblet cells	0.09608526993967563	75	-0.28373632031452406	Q2_highD_lowK	0.03760044547391719	84	9
C5_fitted_weights	corticotrophs	-0.2172757858845943	103	0.9345034093119908	Q3_lowD_highK	0.038586953623760856	83	-20
C5_fitted_weights	cytotrophoblasts	0.06073994005244628	79	-0.515457458630273	Q4_lowD_lowK	-0.11807449092259184	97	18
C5_fitted_weights	decidual stromal cells	0.22087701318342554	54	-0.7731039678086393	Q2_highD_lowK	0.0354264362658247	85	31
C5_fitted_weights	differentiating spermatogonia	-0.7943535163432704	134	-0.5030571712154532	Q4_lowD_lowK	-1.513121529297858	143	9
C5_fitted_weights	distal convoluted tubule cells	-0.5620424866789324	121	0.7082166115822098	Q3_lowD_highK	-0.6214954659338938	119	-2
C5_fitted_weights	early primary spermatocytes	-1.179305873361031	150	0.09665793119916039	Q3_lowD_highK	-1.8904098403287786	147	-3
C5_fitted_weights	early spermatids	-0.7901751642409668	133	0.5970115527711747	Q3_lowD_highK	-1.042012380929861	130	-3
C5_fitted_weights	endometrial ciliated cells	0.06736921255443772	77	0.7618270597484895	Q1_highD_highK	0.43183937662967303	52	-25
C5_fitted_weights	endometrial glandular cells	0.20223231043421344	57	0.08747819285251135	Q2_highD_lowK	0.3680895472700278	57	0
C5_fitted_weights	endometrial luminal cells	0.03953909568013825	80	-0.12211538684132306	Q4_lowD_lowK	0.013211380923916799	88	8
C5_fitted_weights	endometrial secretory cells	0.23633111676878607	53	-0.17950389511012585	Q2_highD_lowK	0.31125331893358804	60	7
C5_fitted_weights	endometrial stromal cells	-0.2609582810626024	108	0.19003510550422886	Q3_lowD_highK	-0.34713763575221007	105	-3
C5_fitted_weights	enteric stem cells	-0.014641036866549642	87	-1.2238207977603548	Q4_lowD_lowK	-0.540470213171178	117	30
C5_fitted_weights	enteric transient amplifying cells	0.12352826445902472	70	-1.3410532007082525	Q2_highD_lowK	-0.36368360345083406	106	36
C5_fitted_weights	enterocytes	1.283708611085192	5	-1.1094805663203904	Q2_highD_lowK	1.6339313070822803	10	5
C5_fitted_weights	ependymal cells	0.19030534952240838	61	0.5445059606161218	Q1_highD_highK	0.5414396574041564	44	-17
C5_fitted_weights	epicardial cells	-0.6425857903809631	126	-0.15883012751444983	Q4_lowD_lowK	-1.119314734069526	134	8
C5_fitted_weights	epididymal basal cells	0.7053080330230151	18	-0.5605978795888571	Q2_highD_lowK	0.9184038377954541	24	6
C5_fitted_weights	epididymal clear cells	0.12498766566224728	69	-0.1944501361584284	Q2_highD_lowK	0.12261214640627975	73	4
C5_fitted_weights	epididymal efferent duct absorptive cells	0.4929749163415373	33	-0.5498535104799883	Q2_highD_lowK	0.5752267485376676	41	8
C5_fitted_weights	epididymal efferent duct ciliated cells	0.6892458167533638	21	-0.18564499264821907	Q2_highD_lowK	1.0503437353513554	19	-2
C5_fitted_weights	epididymal principal cells	0.4202373786999463	37	-0.7404725280737976	Q2_highD_lowK	0.37566574256918817	56	19
C5_fitted_weights	erythrocyte progenitors	-1.037383626736336	144	-0.024485101614688736	Q4_lowD_lowK	-1.7091279181577745	145	1
C5_fitted_weights	erythrocytes	-2.0367722408262794	154	-2.7104070602084414	Q4_lowD_lowK	-4.479253873846807	154	0
C5_fitted_weights	esophageal apical cells	1.3885489011706815	3	-1.3888853637609315	Q2_highD_lowK	1.6876968134348687	8	5
C5_fitted_weights	esophageal basal cells	0.28932239368335066	46	-0.5811529932119273	Q2_highD_lowK	0.2285208409928211	67	21
C5_fitted_weights	esophageal suprabasal cells	0.42103647312720366	36	-0.7288681043092269	Q2_highD_lowK	0.38187178564347185	55	19
C5_fitted_weights	extravillous trophoblasts	1.774327069093413	1	-0.7570536474918947	Q2_highD_lowK	2.5860925035274946	1	0
C5_fitted_weights	fallopian secretory cells	0.7030532022163726	19	-0.22157817451946896	Q2_highD_lowK	1.057789339443795	18	-1
C5_fitted_weights	fallopian tube ciliated cells	0.597400549521236	25	-0.21598467531354248	Q2_highD_lowK	0.8871357566676896	27	2
C5_fitted_weights	fibro-adipogenic progenitors	-0.8304414721405772	136	0.9062506099146975	Q3_lowD_highK	-0.9774420119755747	128	-8
C5_fitted_weights	fibroblasts	0.10386309342483842	73	0.08232591541264593	Q2_highD_lowK	0.20482805603400922	69	-4
C5_fitted_weights	foveolar cells	0.5287229804669804	30	-0.49925075148626386	Q2_highD_lowK	0.6551230167795176	36	6
C5_fitted_weights	gastric chief cells	0.19309378364679966	59	-0.7560354938469032	Q2_highD_lowK	-0.0028672270180423176	89	30
C5_fitted_weights	gastric progenitor cells	0.3323416053854063	44	-0.7848261812520829	Q2_highD_lowK	0.21301098288485532	68	24
C5_fitted_weights	goblet cells	0.6336416705094098	23	-0.5840939502059302	Q2_highD_lowK	0.7911285852720362	31	8
C5_fitted_weights	gonadotrophs	-0.22726791486015716	105	1.0703059295118786	Q3_lowD_highK	0.07953741185231222	77	-28
C5_fitted_weights	granulosa cells	0.5723731226433546	27	-0.4026618097201393	Q2_highD_lowK	0.7673672855071861	32	5
C5_fitted_weights	hematopoietic stem cells	-0.6522252068257759	127	-0.07019435791015777	Q4_lowD_lowK	-1.0976926708665962	132	5
C5_fitted_weights	hepatic stellate cells	-0.5728060846213252	122	-0.9703264465998159	Q4_lowD_lowK	-1.347524488699599	137	15
C5_fitted_weights	hepatocytes	0.46690448673783624	34	-0.3149957926634128	Q2_highD_lowK	0.6316524652347526	37	3
C5_fitted_weights	hofbauer cells	1.0186025106908345	8	-0.8573890160735953	Q2_highD_lowK	1.3061912534160671	13	5
C5_fitted_weights	innate lymphoid cells	0.21948165266438113	55	0.3920370692967583	Q1_highD_highK	0.5248709583429771	46	-9
C5_fitted_weights	kupffer cells	1.014404704380472	9	-0.38993073719079746	Q2_highD_lowK	1.496600474287851	12	3
C5_fitted_weights	lacrimal acinar cells	0.3106723564976363	45	0.21308285649321038	Q1_highD_highK	0.5986778283921466	40	-5
C5_fitted_weights	lactotrophs	-0.2763306516503257	109	1.3310405177767801	Q3_lowD_highK	0.10923240977351112	76	-33
C5_fitted_weights	late primary spermatocytes	-1.1149663478079146	148	1.1183411814910047	Q3_lowD_highK	-1.3538635695861498	138	-10
C5_fitted_weights	late spermatids	-0.7088586983215253	130	0.8943463788597793	Q3_lowD_highK	-0.7833649932740943	122	-8
C5_fitted_weights	leydig cells	-0.35596651660119544	114	0.15568091556525943	Q3_lowD_highK	-0.5172194748536917	114	0
C5_fitted_weights	loop of henle epithelial cells	-0.4550351769809819	118	0.5058843418560731	Q3_lowD_highK	-0.5316540471098662	116	-2
C5_fitted_weights	lymphatic endothelial cells	0.18692794808558313	62	0.11912610389132089	Q1_highD_highK	0.3563839985405971	58	-4
C5_fitted_weights	macrophages	0.9482211871831948	11	0.1772398650940222	Q1_highD_highK	1.6275854173394924	11	0
C5_fitted_weights	mast cells	-0.1035310790734263	98	0.4653897284086927	Q3_lowD_highK	0.02687045390511164	86	-12
C5_fitted_weights	medullary thymic epithelial cells	-0.19389592960514215	102	-0.4712492567791818	Q4_lowD_lowK	-0.5164026598112251	113	11
C5_fitted_weights	megakaryocyte progenitors	-0.8222954795900049	135	-0.0851209566875128	Q4_lowD_lowK	-1.3824951780135513	139	4
C5_fitted_weights	megakaryocyte-erythroid progenitors	-0.9184204228504799	139	0.08880323127101035	Q3_lowD_highK	-1.4665050825646246	140	1
C5_fitted_weights	megakaryocytes	-0.8654507286423776	137	-1.7082652205252902	Q4_lowD_lowK	-2.1381877923588597	150	13
C5_fitted_weights	melanocytes	-0.001949988733687268	86	-0.3102443096206541	Q4_lowD_lowK	-0.13412700746145298	98	12
C5_fitted_weights	mesothelial cells	0.028007979039375176	82	0.15219609528881814	Q3_lowD_highK	0.11009716872112332	75	-7
C5_fitted_weights	microglia	0.7595077062580641	14	0.9489640491179084	Q1_highD_highK	1.6442468883016181	9	-5
C5_fitted_weights	migrating cytotrophoblasts	0.7587294458759309	15	-0.7840951773075792	Q2_highD_lowK	0.9115619178986828	25	10
C5_fitted_weights	monocyte progenitors	-0.05819102350851546	90	-0.11156345523569923	Q4_lowD_lowK	-0.14237582363249426	99	9
C5_fitted_weights	monocytes	1.0018407175609303	10	0.18590145952925108	Q1_highD_highK	1.719046955168684	6	-4
C5_fitted_weights	mucous neck cells	0.2149118327279759	56	-0.2796704525892019	Q2_highD_lowK	0.23390388970820591	65	9
C5_fitted_weights	myonuclei	-0.7099324320623333	131	1.8309657678884628	Q3_lowD_highK	-0.38983776629874534	108	-23
C5_fitted_weights	myosatellite cells	-0.6418671698834643	125	0.3305398884116253	Q3_lowD_highK	-0.9116069859141414	126	1
C5_fitted_weights	müller glia	-0.312128609643828	111	-0.2024115187289088	Q4_lowD_lowK	-0.5965588823519501	118	7
C5_fitted_weights	neuroendocrine cells	0.003341441736985492	85	-0.06939597401384653	Q4_lowD_lowK	-0.02381561995892489	91	6
C5_fitted_weights	neutrophil progenitors	-0.11148074830859617	99	0.9811177482514863	Q3_lowD_highK	0.2315072030516836	66	-33
C5_fitted_weights	neutrophils	1.2004328685160923	6	0.9699940457102941	Q1_highD_highK	2.375170662228905	2	-4
C5_fitted_weights	nk-cells	0.2747523226366519	47	0.6295921869656964	Q1_highD_highK	0.7156372899119894	33	-14
C5_fitted_weights	ocular epithelial cells	0.5707320441378415	29	0.38354582091152123	Q1_highD_highK	1.0964865149417558	17	-12
C5_fitted_weights	oligodendrocyte progenitor cells	0.1320282627950433	66	0.5320076443055622	Q1_highD_highK	0.4407317894298183	51	-15
C5_fitted_weights	oligodendrocytes	-0.23241886513959706	106	0.6964503876561006	Q3_lowD_highK	-0.0866775374329723	95	-11
C5_fitted_weights	oocytes	-0.9300464370054528	141	-3.2914039942480886	Q4_lowD_lowK	-2.9121070941884613	153	12
C5_fitted_weights	other brain neurons	0.3567518983784157	43	0.49765040682204825	Q1_highD_highK	0.7942338517283032	30	-13
C5_fitted_weights	ovarian stromal cells	0.1909144451534881	60	-0.14737900639876017	Q2_highD_lowK	0.2504378810072779	63	3
C5_fitted_weights	pancreatic acinar cells	0.37972183720656205	40	-0.19301286988724056	Q2_highD_lowK	0.540365247186897	45	5
C5_fitted_weights	pancreatic duct cells	0.7085084088453776	17	-0.4270372702137967	Q2_highD_lowK	0.9800118597965618	22	5
C5_fitted_weights	pancreatic islet cells	0.15531551366619178	63	0.17610244672783834	Q1_highD_highK	0.32866221302763443	59	-4
C5_fitted_weights	paneth cells	0.2421811271191973	51	-1.8128629342920366	Q2_highD_lowK	-0.3685004525486222	107	56
C5_fitted_weights	papillary tip epithelial cells	-0.08940853677982795	96	0.16172036858065075	Q3_lowD_highK	-0.07816171044292333	94	-2
C5_fitted_weights	parietal cells	0.19939617059500955	58	-0.6135492274928654	Q2_highD_lowK	0.06758750722819368	80	22
C5_fitted_weights	pdcs	1.4139787601437532	2	0.1039163752620078	Q1_highD_highK	2.359353735549217	3	1
C5_fitted_weights	pericytes	0.24039918187271206	52	0.6510340179653328	Q1_highD_highK	0.6684306055875742	34	-18
C5_fitted_weights	peritubular myoid cells	-0.06952607915333907	93	-0.15459470798423872	Q4_lowD_lowK	-0.17909850333902816	101	8
C5_fitted_weights	pituicytes/fscs	-0.13245763089168536	101	1.1669084385126267	Q3_lowD_highK	0.2755660186112061	61	-40
C5_fitted_weights	pituitary stem cells	-0.42868794532634147	117	0.6281523689148006	Q3_lowD_highK	-0.43690715076125086	109	-8
C5_fitted_weights	plasma cells	1.3706695036705003	4	0.10150573087592214	Q1_highD_highK	2.2874141687642378	4	0
C5_fitted_weights	platelets	-1.0528679775117205	146	-1.7645883925893078	Q4_lowD_lowK	-2.468868064041953	152	6
C5_fitted_weights	podocytes	-0.35973437576443484	115	0.9314396998006415	Q3_lowD_highK	-0.19599278205402942	102	-13
C5_fitted_weights	prostatic club cells	0.8258457249283633	12	-0.26581621143305517	Q2_highD_lowK	1.2402014372304329	15	3
C5_fitted_weights	prostatic glandular cells	0.14065809568509066	65	0.4020901332007461	Q1_highD_highK	0.4000341439842919	54	-11
C5_fitted_weights	prostatic hillock cells	0.5758727694518676	26	-0.12496700011099575	Q2_highD_lowK	0.8902949687781635	26	0
C5_fitted_weights	proximal tubule cells	-0.6551147720743185	128	0.5015212685971709	Q3_lowD_highK	-0.8611409249512363	124	-4
C5_fitted_weights	renal collecting duct intercalated cells	-0.3092109493342617	110	0.9461966265304929	Q3_lowD_highK	-0.10702890969557072	96	-14
C5_fitted_weights	renal collecting duct principal cells	-0.12030325903258743	100	0.5263133321265865	Q3_lowD_highK	0.02511659021038698	87	-13
C5_fitted_weights	renal connecting tubule cells	-0.47887765633070817	119	0.6249377973993614	Q3_lowD_highK	-0.5204532685145662	115	-4
C5_fitted_weights	respiratory basal cells	0.06694899541305406	78	-0.12796466444975182	Q4_lowD_lowK	0.055628574489713964	81	3
C5_fitted_weights	respiratory ciliated cells	0.572022113310915	28	0.20401482869595747	Q1_highD_highK	1.0228308569115316	21	-7
C5_fitted_weights	respiratory deuterosomal cells	-0.25606030135491675	107	-0.08456972228554342	Q4_lowD_lowK	-0.45500949027975873	110	3
C5_fitted_weights	respiratory ionocytes	-0.33011074326942674	113	0.08863483690920071	Q4_lowD_lowK	-0.5031744327885855	112	-1
C5_fitted_weights	respiratory secretory cells	0.39648665571262764	39	-0.39075085521912495	Q2_highD_lowK	0.48436668844443587	49	10
C5_fitted_weights	retinal amacrine cells	-0.6418075954020992	124	0.09677227809128543	Q3_lowD_highK	-1.010167387749068	129	5
C5_fitted_weights	retinal bipolar cells	-0.7437768961469465	132	0.6102400781207337	Q3_lowD_highK	-0.9604488060712888	127	-5
C5_fitted_weights	retinal ganglion cells	-1.2905871252672851	153	0.041156705456939	Q4_lowD_lowK	-2.096064753222254	149	-4
C5_fitted_weights	retinal horizontal cells	-0.9250602038002714	140	0.6982114256827674	Q3_lowD_highK	-1.2201870411900655	136	-4
C5_fitted_weights	retinal pigment epithelial cells	-1.0245655711730601	143	0.026557405333436257	Q4_lowD_lowK	-1.6665956892199283	144	1
C5_fitted_weights	rod photoreceptor cells	-0.9999470539105273	142	1.0672424908910993	Q3_lowD_highK	-1.1870761549716637	135	-7
C5_fitted_weights	salivary acinar cells	0.2705182628119153	48	0.1157888342193697	Q1_highD_highK	0.491861036021761	48	0
C5_fitted_weights	salivary basal cells	0.02468950438716727	83	0.1948847380181422	Q3_lowD_highK	0.1226789880420946	72	-11
C5_fitted_weights	salivary duct cells	0.6151801860089433	24	-0.3482655921401832	Q2_highD_lowK	0.86042417016015	29	5
C5_fitted_weights	salivary ionocytes	0.24693701517894492	50	0.39205015256121856	Q1_highD_highK	0.5698367182742902	42	-8
C5_fitted_weights	salivary myoepithelial cells	-0.062294791053709976	91	0.4182844303138114	Q3_lowD_highK	0.07451794943677349	79	-12
C5_fitted_weights	schwann cells	0.37614050268187543	41	-0.02088780813622955	Q2_highD_lowK	0.607143227443919	39	-2
C5_fitted_weights	sertoli cells	-0.6768722177761943	129	0.611448420181524	Q3_lowD_highK	-0.8503773593124995	123	-6
C5_fitted_weights	smooth muscle cells	-0.37224580665519746	116	-0.27627347661016216	Q4_lowD_lowK	-0.7261776345546462	121	5
C5_fitted_weights	somatotrophs	-0.047502204156559126	89	1.2774897162140448	Q3_lowD_highK	0.46135606970217147	50	-39
C5_fitted_weights	submucosal glandular cells	0.4154324165978613	38	-0.6096583003860886	Q2_highD_lowK	0.4230053492027745	53	15
C5_fitted_weights	suprabasal keratinocytes	0.12858178306934956	67	0.08694538652018176	Q2_highD_lowK	0.24725636045176996	64	-3
C5_fitted_weights	syncytiotrophoblasts	0.10572549324189766	72	-0.06781063024905054	Q2_highD_lowK	0.14451509874439156	71	-1
C5_fitted_weights	t-cells	0.524545614384698	31	0.8142596076854188	Q1_highD_highK	1.2026287429466314	16	-15
C5_fitted_weights	thymic myoid cells	-1.2599478233991523	152	0.3123626079223098	Q3_lowD_highK	-1.931432368163451	148	-4
C5_fitted_weights	thymocytes	0.5196866741044147	32	0.2522346609766677	Q1_highD_highK	0.9574780312485675	23	-9
C5_fitted_weights	thyrotrophs	-0.314347129548659	112	1.1193811094590662	Q3_lowD_highK	-0.04234999505622372	92	-20
C5_fitted_weights	transitional alveolar cells	0.09720165207810065	74	0.1019811326556398	Q1_highD_highK	0.20221461729505	70	-4
C5_fitted_weights	tuft cells	0.03402448454815358	81	-2.180042606747778	Q4_lowD_lowK	-0.8643351728542079	125	44
C5_fitted_weights	undifferentiated spermatogonia	-0.6236066640927691	123	-0.22179542270726935	Q4_lowD_lowK	-1.1148084923030983	133	10
C5_fitted_weights	urothelial cells	1.1309346008112953	7	0.3425561567735098	Q1_highD_highK	1.9965616415767031	5	-2
C5_fitted_weights	vascular endothelial cells	0.7253195051956713	16	0.14484196049793804	Q1_highD_highK	1.2488939797796155	14	-2
C5_fitted_weights	vascular smooth muscle cells	-0.09055465003887449	97	0.33774287847482015	Q3_lowD_highK	-0.005751013713185926	90	-7
C5_fitted_weights_def1_sensitivity	adipocytes	-1.1311597146385028	149	0.883730095050591	Q3_lowD_highK	-1.3550298332993973	138	-11
C5_fitted_weights_def1_sensitivity	adrenal cortex cells	-0.8898910484449246	138	0.854400720333298	Q3_lowD_highK	-0.9673909612308764	129	-9
C5_fitted_weights_def1_sensitivity	adrenal medulla cells	-1.0480516980313148	145	-1.4172977739713486	Q4_lowD_lowK	-2.640989712720656	151	6
C5_fitted_weights_def1_sensitivity	alveolar cells type 1	0.46394438715764547	35	0.2822836441053857	Q1_highD_highK	0.9552569217375676	23	-12
C5_fitted_weights_def1_sensitivity	alveolar cells type 2	-0.06798349347559068	92	0.1362022155008273	Q3_lowD_highK	-0.02995496121356203	91	-1
C5_fitted_weights_def1_sensitivity	astrocytes	-0.018431544209654704	88	0.25674827588677457	Q3_lowD_highK	0.1280828814733141	78	-10
C5_fitted_weights_def1_sensitivity	b-cells	0.7781334249394501	13	1.0317418246077	Q1_highD_highK	1.948094111508972	6	-7
C5_fitted_weights_def1_sensitivity	basal keratinocytes	0.016031102305185035	84	0.21220817076207898	Q3_lowD_highK	0.15845111518975127	74	-10
C5_fitted_weights_def1_sensitivity	basal prostatic cells	0.35873105928989757	42	-0.15263862572908707	Q2_highD_lowK	0.5088055476545698	49	7
C5_fitted_weights_def1_sensitivity	bergmann glia	-0.5343004763659857	120	0.5854106969685383	Q3_lowD_highK	-0.5359605253646798	114	-6
C5_fitted_weights_def1_sensitivity	brain excitatory neurons	0.1487606390041977	64	0.724488932883728	Q1_highD_highK	0.6991168346846193	37	-27
C5_fitted_weights_def1_sensitivity	brain inhibitory neurons	0.24830043773671737	49	0.6166391414272271	Q1_highD_highK	0.7997167495302708	32	-17
C5_fitted_weights_def1_sensitivity	breast hormone-responsive cells	-0.2176180384328391	104	0.07857636241956854	Q4_lowD_lowK	-0.31734465352518304	104	0
C5_fitted_weights_def1_sensitivity	breast lactating cells	-0.08075637132930052	95	-0.7831924670363168	Q4_lowD_lowK	-0.6211077397423311	116	21
C5_fitted_weights_def1_sensitivity	breast myoepithelial cells	0.11901508669408219	71	-1.0415090533587377	Q2_highD_lowK	-0.4451502568214065	108	37
C5_fitted_weights_def1_sensitivity	breast secretory cells	0.12847672853289302	68	-0.40441243307770297	Q2_highD_lowK	-0.03448250145418899	92	24
C5_fitted_weights_def1_sensitivity	cardiomyocytes	-1.055060650434859	147	0.5191846922239716	Q3_lowD_highK	-1.4529089659060748	140	-7
C5_fitted_weights_def1_sensitivity	cdc	0.6358376400546567	22	-0.030121898551762307	Q2_highD_lowK	1.0508092920823497	19	-3
C5_fitted_weights_def1_sensitivity	cholangiocytes	0.07428179980507389	76	-0.640752718582739	Q2_highD_lowK	-0.27207740308726636	103	27
C5_fitted_weights_def1_sensitivity	choroid plexus epithelial cells	-0.0800387291068354	94	0.9367118777444338	Q3_lowD_highK	0.4457744469107455	53	-41
C5_fitted_weights_def1_sensitivity	colonocytes	0.6965167631190908	20	-1.243458065295301	Q2_highD_lowK	0.4010721512032851	56	36
C5_fitted_weights_def1_sensitivity	cone photoreceptor cells	-1.2095437615131186	151	0.5836645818735259	Q3_lowD_highK	-1.6727955954182565	144	-7
C5_fitted_weights_def1_sensitivity	conjunctival goblet cells	0.09608526993967563	75	-0.28373632031452406	Q2_highD_lowK	-0.014192154303356297	89	14
C5_fitted_weights_def1_sensitivity	corticotrophs	-0.2172757858845943	103	0.9345034093119908	Q3_lowD_highK	0.21357455147600202	70	-33
C5_fitted_weights_def1_sensitivity	cytotrophoblasts	0.06073994005244628	79	-0.515457458630273	Q4_lowD_lowK	-0.21722011588475953	102	23
C5_fitted_weights_def1_sensitivity	decidual stromal cells	0.22087701318342554	54	-0.7731039678086393	Q2_highD_lowK	-0.10751212464820786	97	43
C5_fitted_weights_def1_sensitivity	differentiating spermatogonia	-0.7943535163432704	134	-0.5030571712154532	Q4_lowD_lowK	-1.6477962671186135	143	9
C5_fitted_weights_def1_sensitivity	distal convoluted tubule cells	-0.5620424866789324	121	0.7082166115822098	Q3_lowD_highK	-0.5065301949237802	113	-8
C5_fitted_weights_def1_sensitivity	early primary spermatocytes	-1.179305873361031	150	0.09665793119916039	Q3_lowD_highK	-1.9236913983201935	147	-3
C5_fitted_weights_def1_sensitivity	early spermatids	-0.7901751642409668	133	0.5970115527711747	Q3_lowD_highK	-0.9591514160889423	128	-5
C5_fitted_weights_def1_sensitivity	endometrial ciliated cells	0.06736921255443772	77	0.7618270597484895	Q1_highD_highK	0.5853523741975772	44	-33
C5_fitted_weights_def1_sensitivity	endometrial glandular cells	0.20223231043421344	57	0.08747819285251135	Q2_highD_lowK	0.3943555607781882	57	0
C5_fitted_weights_def1_sensitivity	endometrial luminal cells	0.03953909568013825	80	-0.12211538684132306	Q4_lowD_lowK	-0.009159878577191874	88	8
C5_fitted_weights_def1_sensitivity	endometrial secretory cells	0.23633111676878607	53	-0.17950389511012585	Q2_highD_lowK	0.286283870627672	62	9
C5_fitted_weights_def1_sensitivity	endometrial stromal cells	-0.2609582810626024	108	0.19003510550422886	Q3_lowD_highK	-0.3211812652352181	105	-3
C5_fitted_weights_def1_sensitivity	enteric stem cells	-0.014641036866549642	87	-1.2238207977603548	Q4_lowD_lowK	-0.7829213887494395	122	35
C5_fitted_weights_def1_sensitivity	enteric transient amplifying cells	0.12352826445902472	70	-1.3410532007082525	Q2_highD_lowK	-0.6231605849284713	117	47
C5_fitted_weights_def1_sensitivity	enterocytes	1.283708611085192	5	-1.1094805663203904	Q2_highD_lowK	1.4717377796120086	11	6
C5_fitted_weights_def1_sensitivity	ependymal cells	0.19030534952240838	61	0.5445059606161218	Q1_highD_highK	0.6574748731380871	39	-22
C5_fitted_weights_def1_sensitivity	epicardial cells	-0.6425857903809631	126	-0.15883012751444983	Q4_lowD_lowK	-1.1792367552697902	134	8
C5_fitted_weights_def1_sensitivity	epididymal basal cells	0.7053080330230151	18	-0.5605978795888571	Q2_highD_lowK	0.838968047794757	29	11
C5_fitted_weights_def1_sensitivity	epididymal clear cells	0.12498766566224728	69	-0.1944501361584284	Q2_highD_lowK	0.0897442981740913	82	13
C5_fitted_weights_def1_sensitivity	epididymal efferent duct absorptive cells	0.4929749163415373	33	-0.5498535104799883	Q2_highD_lowK	0.4884829993156273	51	18
C5_fitted_weights_def1_sensitivity	epididymal efferent duct ciliated cells	0.6892458167533638	21	-0.18564499264821907	Q2_highD_lowK	1.044277233229401	21	0
C5_fitted_weights_def1_sensitivity	epididymal principal cells	0.4202373786999463	37	-0.7404725280737976	Q2_highD_lowK	0.24802908838034465	66	29
C5_fitted_weights_def1_sensitivity	erythrocyte progenitors	-1.037383626736336	144	-0.024485101614688736	Q4_lowD_lowK	-1.7600412513051769	146	2
C5_fitted_weights_def1_sensitivity	erythrocytes	-2.0367722408262794	154	-2.7104070602084414	Q4_lowD_lowK	-5.105236150552686	154	0
C5_fitted_weights_def1_sensitivity	esophageal apical cells	1.3885489011706815	3	-1.3888853637609315	Q2_highD_lowK	1.4749553586888853	10	7
C5_fitted_weights_def1_sensitivity	esophageal basal cells	0.28932239368335066	46	-0.5811529932119273	Q2_highD_lowK	0.12654771433522422	79	33
C5_fitted_weights_def1_sensitivity	esophageal suprabasal cells	0.42103647312720366	36	-0.7288681043092269	Q2_highD_lowK	0.25656341005741207	65	29
C5_fitted_weights_def1_sensitivity	extravillous trophoblasts	1.774327069093413	1	-0.7570536474918947	Q2_highD_lowK	2.515321935506424	2	1
C5_fitted_weights_def1_sensitivity	fallopian secretory cells	0.7030532022163726	19	-0.22157817451946896	Q2_highD_lowK	1.0452364646375252	20	1
C5_fitted_weights_def1_sensitivity	fallopian tube ciliated cells	0.597400549521236	25	-0.21598467531354248	Q2_highD_lowK	0.8709954545272574	27	2
C5_fitted_weights_def1_sensitivity	fibro-adipogenic progenitors	-0.8304414721405772	136	0.9062506099146975	Q3_lowD_highK	-0.8352704401655763	125	-11
C5_fitted_weights_def1_sensitivity	fibroblasts	0.10386309342483842	73	0.08232591541264593	Q2_highD_lowK	0.22570700114044104	69	-4
C5_fitted_weights_def1_sensitivity	foveolar cells	0.5287229804669804	30	-0.49925075148626386	Q2_highD_lowK	0.579965050952351	45	15
C5_fitted_weights_def1_sensitivity	gastric chief cells	0.19309378364679966	59	-0.7560354938469032	Q2_highD_lowK	-0.14366741911334868	98	39
C5_fitted_weights_def1_sensitivity	gastric progenitor cells	0.3323416053854063	44	-0.7848261812520829	Q2_highD_lowK	0.07270708451384861	83	39
C5_fitted_weights_def1_sensitivity	goblet cells	0.6336416705094098	23	-0.5840939502059302	Q2_highD_lowK	0.7038673970993508	36	13
C5_fitted_weights_def1_sensitivity	gonadotrophs	-0.22726791486015716	105	1.0703059295118786	Q3_lowD_highK	0.2809128892498093	63	-42
C5_fitted_weights_def1_sensitivity	granulosa cells	0.5723731226433546	27	-0.4026618097201393	Q2_highD_lowK	0.7132319644731665	34	7
C5_fitted_weights_def1_sensitivity	hematopoietic stem cells	-0.6522252068257759	127	-0.07019435791015777	Q4_lowD_lowK	-1.1405302907870514	133	6
C5_fitted_weights_def1_sensitivity	hepatic stellate cells	-0.5728060846213252	122	-0.9703264465998159	Q4_lowD_lowK	-1.564681597522101	142	20
C5_fitted_weights_def1_sensitivity	hepatocytes	0.46690448673783624	34	-0.3149957926634128	Q2_highD_lowK	0.590153669297174	43	9
C5_fitted_weights_def1_sensitivity	hofbauer cells	1.0186025106908345	8	-0.8573890160735953	Q2_highD_lowK	1.1820309003410983	17	9
C5_fitted_weights_def1_sensitivity	innate lymphoid cells	0.21948165266438113	55	0.3920370692967583	Q1_highD_highK	0.6120774439122731	42	-13
C5_fitted_weights_def1_sensitivity	kupffer cells	1.014404704380472	9	-0.38993073719079746	Q2_highD_lowK	1.4646134619320734	12	3
C5_fitted_weights_def1_sensitivity	lacrimal acinar cells	0.3106723564976363	45	0.21308285649321038	Q1_highD_highK	0.6545770309727903	40	-5
C5_fitted_weights_def1_sensitivity	lactotrophs	-0.2763306516503257	109	1.3310405177767801	Q3_lowD_highK	0.35994435034131833	60	-49
C5_fitted_weights_def1_sensitivity	late primary spermatocytes	-1.1149663478079146	148	1.1183411814910047	Q3_lowD_highK	-1.1824246524740485	135	-13
C5_fitted_weights_def1_sensitivity	late spermatids	-0.7088586983215253	130	0.8943463788597793	Q3_lowD_highK	-0.6381453206791423	118	-12
C5_fitted_weights_def1_sensitivity	leydig cells	-0.35596651660119544	114	0.15568091556525943	Q3_lowD_highK	-0.5022705692447357	112	-2
C5_fitted_weights_def1_sensitivity	loop of henle epithelial cells	-0.4550351769809819	118	0.5058843418560731	Q3_lowD_highK	-0.45191256690534587	109	-9
C5_fitted_weights_def1_sensitivity	lymphatic endothelial cells	0.18692794808558313	62	0.11912610389132089	Q1_highD_highK	0.38822321807736104	58	-4
C5_fitted_weights_def1_sensitivity	macrophages	0.9482211871831948	11	0.1772398650940222	Q1_highD_highK	1.7047196667655626	9	-2
C5_fitted_weights_def1_sensitivity	mast cells	-0.1035310790734263	98	0.4653897284086927	Q3_lowD_highK	0.11422318618171462	81	-17
C5_fitted_weights_def1_sensitivity	medullary thymic epithelial cells	-0.19389592960514215	102	-0.4712492567791818	Q4_lowD_lowK	-0.6181233894295097	115	13
C5_fitted_weights_def1_sensitivity	megakaryocyte progenitors	-0.8222954795900049	135	-0.0851209566875128	Q4_lowD_lowK	-1.435835680380655	139	4
C5_fitted_weights_def1_sensitivity	megakaryocyte-erythroid progenitors	-0.9184204228504799	139	0.08880323127101035	Q3_lowD_highK	-1.4897512828059136	141	2
C5_fitted_weights_def1_sensitivity	megakaryocytes	-0.8654507286423776	137	-1.7082652205252902	Q4_lowD_lowK	-2.514143735803	150	13
C5_fitted_weights_def1_sensitivity	melanocytes	-0.001949988733687268	86	-0.3102443096206541	Q4_lowD_lowK	-0.19551127605800273	100	14
C5_fitted_weights_def1_sensitivity	mesothelial cells	0.028007979039375176	82	0.15219609528881814	Q3_lowD_highK	0.14141185142554463	76	-6
C5_fitted_weights_def1_sensitivity	microglia	0.7595077062580641	14	0.9489640491179084	Q1_highD_highK	1.8654756324454005	7	-7
C5_fitted_weights_def1_sensitivity	migrating cytotrophoblasts	0.7587294458759309	15	-0.7840951773075792	Q2_highD_lowK	0.7903405506956533	33	18
C5_fitted_weights_def1_sensitivity	monocyte progenitors	-0.05819102350851546	90	-0.11156345523569923	Q4_lowD_lowK	-0.1670029490720438	99	9
C5_fitted_weights_def1_sensitivity	monocytes	1.0018407175609303	10	0.18590145952925108	Q1_highD_highK	1.8002740730027593	8	-2
C5_fitted_weights_def1_sensitivity	mucous neck cells	0.2149118327279759	56	-0.2796704525892019	Q2_highD_lowK	0.18819232400547628	71	15
C5_fitted_weights_def1_sensitivity	myonuclei	-0.7099324320623333	131	1.8309657678884628	Q3_lowD_highK	-0.05960976642109905	96	-35
C5_fitted_weights_def1_sensitivity	myosatellite cells	-0.6418671698834643	125	0.3305398884116253	Q3_lowD_highK	-0.8748080103642575	127	2
C5_fitted_weights_def1_sensitivity	müller glia	-0.312128609643828	111	-0.2024115187289088	Q4_lowD_lowK	-0.6504143359340476	119	8
C5_fitted_weights_def1_sensitivity	neuroendocrine cells	0.003341441736985492	85	-0.06939597401384653	Q4_lowD_lowK	-0.03737837372255258	93	8
C5_fitted_weights_def1_sensitivity	neutrophil progenitors	-0.11148074830859617	99	0.9811177482514863	Q3_lowD_highK	0.42040370774916813	55	-44
C5_fitted_weights_def1_sensitivity	neutrophils	1.2004328685160923	6	0.9699940457102941	Q1_highD_highK	2.6201382636266612	1	-5
C5_fitted_weights_def1_sensitivity	nk-cells	0.2747523226366519	47	0.6295921869656964	Q1_highD_highK	0.8522344584996521	28	-19
C5_fitted_weights_def1_sensitivity	ocular epithelial cells	0.5707320441378415	29	0.38354582091152123	Q1_highD_highK	1.1976161666095961	16	-13
C5_fitted_weights_def1_sensitivity	oligodendrocyte progenitor cells	0.1320282627950433	66	0.5320076443055622	Q1_highD_highK	0.5517092160456009	46	-20
C5_fitted_weights_def1_sensitivity	oligodendrocytes	-0.23241886513959706	106	0.6964503876561006	Q3_lowD_highK	0.040603277079748534	86	-20
C5_fitted_weights_def1_sensitivity	oocytes	-0.9300464370054528	141	-3.2914039942480886	Q4_lowD_lowK	-3.6037265292470466	153	12
C5_fitted_weights_def1_sensitivity	other brain neurons	0.3567518983784157	43	0.49765040682204825	Q1_highD_highK	0.9084041656820794	25	-18
C5_fitted_weights_def1_sensitivity	ovarian stromal cells	0.1909144451534881	60	-0.14737900639876017	Q2_highD_lowK	0.22979843516672185	67	7
C5_fitted_weights_def1_sensitivity	pancreatic acinar cells	0.37972183720656205	40	-0.19301286988724056	Q2_highD_lowK	0.5190954407963517	48	8
C5_fitted_weights_def1_sensitivity	pancreatic duct cells	0.7085084088453776	17	-0.4270372702137967	Q2_highD_lowK	0.9271069432852961	24	7
C5_fitted_weights_def1_sensitivity	pancreatic islet cells	0.15531551366619178	63	0.17610244672783834	Q1_highD_highK	0.37035467032364133	59	-4
C5_fitted_weights_def1_sensitivity	paneth cells	0.2421811271191973	51	-1.8128629342920366	Q2_highD_lowK	-0.7159269854027956	120	69
C5_fitted_weights_def1_sensitivity	papillary tip epithelial cells	-0.08940853677982795	96	0.16172036858065075	Q3_lowD_highK	-0.05018031224945908	95	-1
C5_fitted_weights_def1_sensitivity	parietal cells	0.19939617059500955	58	-0.6135492274928654	Q2_highD_lowK	-0.04478051546440498	94	36
C5_fitted_weights_def1_sensitivity	pdcs	1.4139787601437532	2	0.1039163752620078	Q1_highD_highK	2.4426875418878558	3	1
C5_fitted_weights_def1_sensitivity	pericytes	0.24039918187271206	52	0.6510340179653328	Q1_highD_highK	0.8077384211722809	31	-21
C5_fitted_weights_def1_sensitivity	peritubular myoid cells	-0.06952607915333907	93	-0.15459470798423872	Q4_lowD_lowK	-0.21273113539924882	101	8
C5_fitted_weights_def1_sensitivity	pituicytes/fscs	-0.13245763089168536	101	1.1669084385126267	Q3_lowD_highK	0.5002391092275755	50	-51
C5_fitted_weights_def1_sensitivity	pituitary stem cells	-0.42868794532634147	117	0.6281523689148006	Q3_lowD_highK	-0.3318378983270384	106	-11
C5_fitted_weights_def1_sensitivity	plasma cells	1.3706695036705003	4	0.10150573087592214	Q1_highD_highK	2.368348093977163	4	0
C5_fitted_weights_def1_sensitivity	platelets	-1.0528679775117205	146	-1.7645883925893078	Q4_lowD_lowK	-2.8642764393899807	152	6
C5_fitted_weights_def1_sensitivity	podocytes	-0.35973437576443484	115	0.9314396998006415	Q3_lowD_highK	-0.027937834348169766	90	-25
C5_fitted_weights_def1_sensitivity	prostatic club cells	0.8258457249283633	12	-0.26581621143305517	Q2_highD_lowK	1.2243619239432268	15	3
C5_fitted_weights_def1_sensitivity	prostatic glandular cells	0.14065809568509066	65	0.4020901332007461	Q1_highD_highK	0.48572593670071523	52	-13
C5_fitted_weights_def1_sensitivity	prostatic hillock cells	0.5758727694518676	26	-0.12496700011099575	Q2_highD_lowK	0.8911816576436214	26	0
C5_fitted_weights_def1_sensitivity	proximal tubule cells	-0.6551147720743185	128	0.5015212685971709	Q3_lowD_highK	-0.7911480698178783	123	-5
C5_fitted_weights_def1_sensitivity	renal collecting duct intercalated cells	-0.3092109493342617	110	0.9461966265304929	Q3_lowD_highK	0.06618570002361346	84	-26
C5_fitted_weights_def1_sensitivity	renal collecting duct principal cells	-0.12030325903258743	100	0.5263133321265865	Q3_lowD_highK	0.12376158765984133	80	-20
C5_fitted_weights_def1_sensitivity	renal connecting tubule cells	-0.47887765633070817	119	0.6249377973993614	Q3_lowD_highK	-0.41824833281327506	107	-12
C5_fitted_weights_def1_sensitivity	respiratory basal cells	0.06694899541305406	78	-0.12796466444975182	Q4_lowD_lowK	0.03331903859696461	87	9
C5_fitted_weights_def1_sensitivity	respiratory ciliated cells	0.572022113310915	28	0.20401482869595747	Q1_highD_highK	1.088546311786598	18	-10
C5_fitted_weights_def1_sensitivity	respiratory deuterosomal cells	-0.25606030135491675	107	-0.08456972228554342	Q4_lowD_lowK	-0.48309163290540647	110	3
C5_fitted_weights_def1_sensitivity	respiratory ionocytes	-0.33011074326942674	113	0.08863483690920071	Q4_lowD_lowK	-0.5003240132367528	111	-2
C5_fitted_weights_def1_sensitivity	respiratory secretory cells	0.39648665571262764	39	-0.39075085521912495	Q2_highD_lowK	0.42477268575112814	54	15
C5_fitted_weights_def1_sensitivity	retinal amacrine cells	-0.6418075954020992	124	0.09677227809128543	Q3_lowD_highK	-1.0195532607709652	130	6
C5_fitted_weights_def1_sensitivity	retinal bipolar cells	-0.7437768961469465	132	0.6102400781207337	Q3_lowD_highK	-0.8729133784602919	126	-6
C5_fitted_weights_def1_sensitivity	retinal ganglion cells	-1.2905871252672851	153	0.041156705456939	Q4_lowD_lowK	-2.145254748669649	149	-4
C5_fitted_weights_def1_sensitivity	retinal horizontal cells	-0.9250602038002714	140	0.6982114256827674	Q3_lowD_highK	-1.1233220853461874	132	-8
C5_fitted_weights_def1_sensitivity	retinal pigment epithelial cells	-1.0245655711730601	143	0.026557405333436257	Q4_lowD_lowK	-1.706854795025886	145	2
C5_fitted_weights_def1_sensitivity	rod photoreceptor cells	-0.9999470539105273	142	1.0672424908910993	Q3_lowD_highK	-1.0206246446991458	131	-11
C5_fitted_weights_def1_sensitivity	salivary acinar cells	0.2705182628119153	48	0.1157888342193697	Q1_highD_highK	0.526753562623212	47	-1
C5_fitted_weights_def1_sensitivity	salivary basal cells	0.02468950438716727	83	0.1948847380181422	Q3_lowD_highK	0.16228064548358612	73	-10
C5_fitted_weights_def1_sensitivity	salivary duct cells	0.6151801860089433	24	-0.3482655921401832	Q2_highD_lowK	0.8189376658893992	30	6
C5_fitted_weights_def1_sensitivity	salivary ionocytes	0.24693701517894492	50	0.39205015256121856	Q1_highD_highK	0.6582652241810028	38	-12
C5_fitted_weights_def1_sensitivity	salivary myoepithelial cells	-0.062294791053709976	91	0.4182844303138114	Q3_lowD_highK	0.15439519725352335	75	-16
C5_fitted_weights_def1_sensitivity	schwann cells	0.37614050268187543	41	-0.02088780813622955	Q2_highD_lowK	0.6197225969172916	41	0
C5_fitted_weights_def1_sensitivity	sertoli cells	-0.6768722177761943	129	0.611448420181524	Q3_lowD_highK	-0.7596316045391156	121	-8
C5_fitted_weights_def1_sensitivity	smooth muscle cells	-0.37224580665519746	116	-0.27627347661016216	Q4_lowD_lowK	-0.797296753080565	124	8
C5_fitted_weights_def1_sensitivity	somatotrophs	-0.047502204156559126	89	1.2774897162140448	Q3_lowD_highK	0.7116509746925141	35	-54
C5_fitted_weights_def1_sensitivity	submucosal glandular cells	0.4154324165978613	38	-0.6096583003860886	Q2_highD_lowK	0.3210013833806531	61	23
C5_fitted_weights_def1_sensitivity	suprabasal keratinocytes	0.12858178306934956	67	0.08694538652018176	Q2_highD_lowK	0.27014590003231187	64	-3
C5_fitted_weights_def1_sensitivity	syncytiotrophoblasts	0.10572549324189766	72	-0.06781063024905054	Q2_highD_lowK	0.1358129830242235	77	5
C5_fitted_weights_def1_sensitivity	t-cells	0.524545614384698	31	0.8142596076854188	Q1_highD_highK	1.3868068742625606	13	-18
C5_fitted_weights_def1_sensitivity	thymic myoid cells	-1.2599478233991523	152	0.3123626079223098	Q3_lowD_highK	-1.9256770102294463	148	-4
C5_fitted_weights_def1_sensitivity	thymocytes	0.5196866741044147	32	0.2522346609766677	Q1_highD_highK	1.0303962077725433	22	-10
C5_fitted_weights_def1_sensitivity	thyrotrophs	-0.314347129548659	112	1.1193811094590662	Q3_lowD_highK	0.164854050779629	72	-40
C5_fitted_weights_def1_sensitivity	transitional alveolar cells	0.09720165207810065	74	0.1019811326556398	Q1_highD_highK	0.22668114493437685	68	-6
C5_fitted_weights_def1_sensitivity	tuft cells	0.03402448454815358	81	-2.180042606747778	Q4_lowD_lowK	-1.2935538971926197	137	56
C5_fitted_weights_def1_sensitivity	undifferentiated spermatogonia	-0.6236066640927691	123	-0.22179542270726935	Q4_lowD_lowK	-1.1863281514132635	136	13
C5_fitted_weights_def1_sensitivity	urothelial cells	1.1309346008112953	7	0.3425561567735098	Q1_highD_highK	2.114474117234269	5	-2
C5_fitted_weights_def1_sensitivity	vascular endothelial cells	0.7253195051956713	16	0.14484196049793804	Q1_highD_highK	1.3097268718104567	14	-2
C5_fitted_weights_def1_sensitivity	vascular smooth muscle cells	-0.09055465003887449	97	0.33774287847482015	Q3_lowD_highK	0.05695777381697459	85	-12
