hpa_cell_type	atlas	atlas_label	cl_id	n_cells	hpa_delta	atlas_delta_rawcpm_route	atlas_delta_lognorm_route
enterocytes	TS_small_intestine.h5ad	enterocyte of epithelium proper of duodenum	CL:1000340	13495	1.7653935008391455	1.32091	0.98252
enterocytes	TS_small_intestine.h5ad	enterocyte of epithelium proper of ileum	CL:1000342	6477	1.7653935008391455	1.39777	0.89604
enterocytes	TS_small_intestine.h5ad	enterocyte of epithelium proper of small intestine	CL:1000339	1415	1.7653935008391455	0.96651	0.0532
colonocytes	TS_large_intestine.h5ad	enterocyte of epithelium of large intestine	CL:0002071	4567	1.4760488920098807	0.87625	0.1152
goblet cells	TS_small_intestine.h5ad	small intestine goblet cell	CL:1000495	2044	1.43299304532506	1.35706	0.514
hepatocytes	HLiCA_hepatocyte.h5ad	hepatocyte	CL:0000182	103519	1.3079818397902427	1.23055	1.13476
microglia	HBCA_microglia.h5ad	microglial cell	CL:0000129	88494	1.4119369473934154	1.4573	1.4573
macrophages	Krasnow_lung_10X.h5ad	alveolar macrophage	CL:0000583	14734	1.528397097898793	1.66672	1.20296
macrophages	TS_Vasculature_cellxgene_source.h5ad	macrophage	CL:0000235	7518	1.528397097898793	1.40162	0.62766
monocytes	TS_bone_marrow.h5ad	monocyte	CL:0000576	2040	1.5205162157022611	1.53148	0.37227
monocytes	Krasnow_lung_10X.h5ad	classical monocyte	CL:0000860	2077	1.5205162157022611	1.60002	1.60635
neutrophils	TS_bone_marrow.h5ad	neutrophil	CL:0000775	8677	1.5025219975594633	1.00618	0.77362
vascular endothelial cells	TS_Vasculature_cellxgene_source.h5ad	endothelial cell	CL:0000115	2686	1.4298665577939593	1.20859	0.35174
vascular endothelial cells	Krasnow_lung_10X.h5ad	capillary endothelial cell	CL:0002144	7391	1.4298665577939593	1.71007	1.82038
fibroblasts	TS_Vasculature_cellxgene_source.h5ad	fibroblast	CL:0000057	12698	1.1319945067166397	1.04682	0.30052
fibroblasts	Krasnow_lung_10X.h5ad	fibroblast	CL:0000057	1951	1.1319945067166397	1.3325	1.38807
vascular smooth muscle cells	TS_Vasculature_cellxgene_source.h5ad	smooth muscle cell	CL:0000192	8587	1.0708054285247035	1.10922	0.48521
pericytes	TS_Vasculature_cellxgene_source.h5ad	pericyte	CL:0000669	1771	1.2336936752059995	0.94466	0.21444
t-cells	TS_bone_marrow.h5ad	CD4-positive, alpha-beta T cell	CL:0000624	3173	1.3869126531081257	1.33205	0.21771
t-cells	TS_bone_marrow.h5ad	CD8-positive, alpha-beta T cell	CL:0000625	2636	1.3869126531081257	1.29713	0.27553
b-cells	TS_bone_marrow.h5ad	B cell	CL:0000236	1819	1.4684571050207058	1.40072	0.38192
plasma cells	TS_bone_marrow.h5ad	plasma cell	CL:0000786	1448	1.7008398785909937	1.15673	0.06811
nk-cells	TS_bone_marrow.h5ad	natural killer cell	CL:0000623	1099	1.2538426439954617	1.12164	0.13009
alveolar cells type 2	Krasnow_lung_10X.h5ad	pulmonary alveolar type 2 cell	CL:0002063	3814	1.070807038893741	1.11066	0.91942
peritubular myoid cells	TS_testis.h5ad	peritubular myoid cell	CL:0002481	67	1.0839393244169575	1.06107	0.97852
late spermatids	TS_testis.h5ad	spermatid	CL:0000018	4009	0.8277789926257659	0.5126	0.35623
late primary spermatocytes	TS_testis.h5ad	spermatocyte	CL:0000017	3070	0.5017418056982453	0.52447	0.3085
proximal tubule cells	TS_kidney.h5ad	kidney epithelial cell	CL:0002518	9278	0.7996055229441715	0.85181	0.46973
