panel	struct_resseq	struct_resname	ebov_full_pos	contacts_heavy_atom	in_all_copies	plotted	bdbv_differs	EBOV	BDBV	SUDV	TAFV	RESTV
FigS3a	137	R	137	103	True	True	False	R	R	R	R	R
FigS3a	184	Q	184	78	True	True	True	Q	R	P	K	S
FigS3a	138	T	138	58	True	True	False	T	T	T	T	T
FigS3a	185	N	185	56	True	True	False	N	N	S	S	T
FigS3a	121	L	121	43	True	True	False	L	L	L	L	L
FigS3a	140	R	140	39	True	True	True	R	H	R	Q	S
FigS3a	134	F	134	34	True	True	False	F	F	F	F	F
FigS3a	203	E	203	33	True	True	False	E	E	E	E	E
FigS3a	125	W	125	30	True	True	False	W	W	W	W	W
FigS3a	186	H	186	30	True	True	False	H	H	Y	H	H
FigS3a	124	D	124	29	True	True	False	D	D	D	D	D
FigS3a	117	G	117	28	True	True	False	G	G	G	G	G
FigS3a	129	T	129	25	True	False	False	T	T	T	T	T
FigS3a	204	P	204	25	True	False	False	P	P	P	P	P
FigS3a	136	M	136	21	True	False	False	M	M	M	M	L
FigS3a	135	N	135	20	True	True	True	N	Q	N	Q	N
FigS3a	205	D	205	20	True	False	False	D	D	D	D	D
FigS3a	218	K	218	19	True	False	False	K	K	K	K	K
FigS3a	113	E	113	18	True	False	False	E	E	E	E	E
FigS3a	128	T	128	18	True	False	False	T	T	T	T	T
FigS3a	139	Q	139	16	True	False	False	Q	Q	Q	Q	R
FigS3a	201	L	201	12	True	False	False	L	L	V	L	V
FigS3a	216	P	216	9	True	False	False	P	P	P	P	P
FigS3a	202	Q	202	7	False	False	False	Q	Q	Q	Q	Q
FigS3a	131	T	131	6	True	False	False	T	T	T	T	S
FigS3a	141	V	141	5	True	True	True	V	A	V	A	V
FigS3a	130	N	130	3	True	False	False	N	N	S	G	T
FigS3a	217	A	217	3	False	True	True	A	V	V	V	V
FigS3a	210	N	210	2	False	False	False	N	N	D	N	N
