panel	pair_index	atlas	hpa_cell_type	cl_id	n_cells	hpa_delta	atlas_delta_all_labels	hpa_delta_matched_only	atlas_delta_matched_only
Fig2d	1	TS_bone_marrow.h5ad	nk-cells	CL:0000623	1099	1.2538426439954617	0.0079506059587885	0.17891860993571446	0.18327106301692042
Fig2d	2	Krasnow_lung_10X.h5ad	nk-cells	CL:0000623	4769	1.2538426439954617	-0.42512257214634397	0.17891860993571446	0.18327106301692042
Fig2d	3	TS_Vasculature_cellxgene_source.h5ad	nk-cells	CL:0000623	242	1.2538426439954617	0.6523481779226744	0.17891860993571446	0.18327106301692042
Fig2d	4	TS_skin.h5ad	nk-cells	CL:0000623	64	1.2538426439954617	-0.3905480936948483	0.17891860993571446	0.18327106301692042
Fig2d	5	TS_small_intestine.h5ad	nk-cells	CL:0000623	161	1.2538426439954617	0.1255921473415387	0.17891860993571446	0.18327106301692042
Fig2d	6	TS_uterus.h5ad	nk-cells	CL:0000623	92	1.2538426439954617	0.3941869454538777	0.17891860993571446	0.18327106301692042
Fig2d	7	TS_muscle.h5ad	nk-cells	CL:0000623	91	1.2538426439954617	0.3882926167891339	0.17891860993571446	0.18327106301692042
Fig2d	8	TS_kidney.h5ad	nk-cells	CL:0000623	201	1.2538426439954617	0.3098384987231057	0.17891860993571446	0.18327106301692042
Fig2d	9	synovium_RA.h5ad	nk-cells	CL:0000623	9698	1.2538426439954617	-0.30300961216287764	0.17891860993571446	0.18327106301692042
Fig2d	10	TS_testis.h5ad	macrophages	CL:0000235	54	1.528397097898793	1.5801799983406772	1.0403879462081551	0.7440373379618471
Fig2d	11	TS_bone_marrow.h5ad	macrophages	CL:0000235	358	1.528397097898793	0.7875466488877167	1.0403879462081551	0.7440373379618471
Fig2d	12	Krasnow_lung_10X.h5ad	macrophages	CL:0000235	14960	1.528397097898793	0.9927277180921497	1.0403879462081551	0.7440373379618471
Fig2d	13	TS_Vasculature_cellxgene_source.h5ad	macrophages	CL:0000235	7518	1.528397097898793	0.9775580526195364	1.0403879462081551	0.7440373379618471
Fig2d	14	TS_large_intestine.h5ad	macrophages	CL:0000235	328	1.528397097898793	1.3437050022790562	1.0403879462081551	0.7440373379618471
Fig2d	15	TS_prostate.h5ad	macrophages	CL:0000235	1022	1.528397097898793	1.286223303348069	1.0403879462081551	0.7440373379618471
Fig2d	16	TS_skin.h5ad	macrophages	CL:0000235	3321	1.528397097898793	1.6107883543928663	1.0403879462081551	0.7440373379618471
Fig2d	17	TS_small_intestine.h5ad	macrophages	CL:0000235	366	1.528397097898793	0.548593092374669	1.0403879462081551	0.7440373379618471
Fig2d	18	TS_uterus.h5ad	macrophages	CL:0000235	929	1.528397097898793	1.3057575710558147	1.0403879462081551	0.7440373379618471
Fig2d	19	TS_muscle.h5ad	macrophages	CL:0000235	2729	1.528397097898793	1.3471368414410523	1.0403879462081551	0.7440373379618471
Fig2d	20	HLiCA_myeloid.h5ad	macrophages	CL:0000235	14155	1.528397097898793	0.4515212214540952	1.0403879462081551	0.7440373379618471
Fig2d	21	TS_kidney.h5ad	macrophages	CL:0000235	339	1.528397097898793	0.059601073365214294	1.0403879462081551	0.7440373379618471
Fig2d	22	HBCA_microglia.h5ad	macrophages	CL:0000235	91838	1.528397097898793	0.9260171015424967	1.0403879462081551	0.7440373379618471
Fig2d	23	TS_testis.h5ad	vascular endothelial cells	CL:0000115	53	1.4298665577939593	1.2197625741107754	0.7312287328720559	0.3417366366864909
Fig2d	24	Krasnow_lung_10X.h5ad	vascular endothelial cells	CL:0000115	16631	1.4298665577939593	1.052946602676391	0.7312287328720559	0.3417366366864909
Fig2d	25	TS_Vasculature_cellxgene_source.h5ad	vascular endothelial cells	CL:0000115	6443	1.4298665577939593	0.6364031961796521	0.7312287328720559	0.3417366366864909
Fig2d	26	TS_large_intestine.h5ad	vascular endothelial cells	CL:0000115	348	1.4298665577939593	0.9011515836090664	0.7312287328720559	0.3417366366864909
Fig2d	27	TS_prostate.h5ad	vascular endothelial cells	CL:0000115	1205	1.4298665577939593	0.3318022555031482	0.7312287328720559	0.3417366366864909
Fig2d	28	TS_skin.h5ad	vascular endothelial cells	CL:0000115	2076	1.4298665577939593	0.4909785909235592	0.7312287328720559	0.3417366366864909
Fig2d	29	TS_small_intestine.h5ad	vascular endothelial cells	CL:0000115	257	1.4298665577939593	1.2248963181759525	0.7312287328720559	0.3417366366864909
Fig2d	30	TS_uterus.h5ad	vascular endothelial cells	CL:0000115	4697	1.4298665577939593	1.172244267330257	0.7312287328720559	0.3417366366864909
Fig2d	31	TS_muscle.h5ad	vascular endothelial cells	CL:0000115	7876	1.4298665577939593	1.1670218012155715	0.7312287328720559	0.3417366366864909
Fig2d	32	HLiCA_endothelial.h5ad	vascular endothelial cells	CL:0000115	86328	1.4298665577939593	0.16182144509058558	0.7312287328720559	0.3417366366864909
Fig2d	33	HBCA_vascular.h5ad	vascular endothelial cells	CL:0000115	5165	1.4298665577939593	1.3958294900942168	0.7312287328720559	0.3417366366864909
Fig2d	34	TS_kidney.h5ad	vascular endothelial cells	CL:0000115	101	1.4298665577939593	0.751992675312239	0.7312287328720559	0.3417366366864909
Fig2d	35	TS_bone_marrow.h5ad	b-cells	CL:0000236	1819	1.4684571050207058	1.0271361770526655	0.8523142684850413	0.34136945228658155
Fig2d	36	Krasnow_lung_10X.h5ad	b-cells	CL:0000236	725	1.4684571050207058	0.005127976296347252	0.8523142684850413	0.34136945228658155
Fig2d	37	TS_Vasculature_cellxgene_source.h5ad	b-cells	CL:0000236	148	1.4684571050207058	0.024009611054352155	0.8523142684850413	0.34136945228658155
Fig2d	38	TS_large_intestine.h5ad	b-cells	CL:0000236	2069	1.4684571050207058	1.4539309172784047	0.8523142684850413	0.34136945228658155
Fig2d	39	TS_prostate.h5ad	b-cells	CL:0000236	101	1.4684571050207058	0.3495590398666948	0.8523142684850413	0.34136945228658155
Fig2d	40	TS_small_intestine.h5ad	b-cells	CL:0000236	773	1.4684571050207058	-0.3711430269525093	0.8523142684850413	0.34136945228658155
Fig2d	41	TS_uterus.h5ad	b-cells	CL:0000236	50	1.4684571050207058	-2.7626332305654686	0.8523142684850413	0.34136945228658155
Fig2d	42	TS_kidney.h5ad	b-cells	CL:0000236	494	1.4684571050207058	1.3120778396476553	0.8523142684850413	0.34136945228658155
Fig2d	43	synovium_RA.h5ad	b-cells	CL:0000236	14410	1.4684571050207058	0.05417354987026284	0.8523142684850413	0.34136945228658155
Fig2d	44	Krasnow_lung_10X.h5ad	fibroblasts	CL:0000057	1951	1.1319945067166397	-0.8893328761962584	-0.20340421329766387	0.18338847989708673
Fig2d	45	TS_Vasculature_cellxgene_source.h5ad	fibroblasts	CL:0000057	12698	1.1319945067166397	-0.17048035301463282	-0.20340421329766387	0.18338847989708673
Fig2d	46	TS_large_intestine.h5ad	fibroblasts	CL:0000057	2597	1.1319945067166397	-0.195341584141322	-0.20340421329766387	0.18338847989708673
Fig2d	47	TS_prostate.h5ad	fibroblasts	CL:0000057	519	1.1319945067166397	0.08562779351849846	-0.20340421329766387	0.18338847989708673
Fig2d	48	TS_skin.h5ad	fibroblasts	CL:0000057	4133	1.1319945067166397	0.14530362815905928	-0.20340421329766387	0.18338847989708673
Fig2d	49	TS_small_intestine.h5ad	fibroblasts	CL:0000057	493	1.1319945067166397	-0.6765129754513519	-0.20340421329766387	0.18338847989708673
Fig2d	50	TS_uterus.h5ad	fibroblasts	CL:0000057	6593	1.1319945067166397	0.6974409413565017	-0.20340421329766387	0.18338847989708673
Fig2d	51	TS_muscle.h5ad	fibroblasts	CL:0000057	420	1.1319945067166397	0.7515151003781317	-0.20340421329766387	0.18338847989708673
Fig2d	52	TS_bone_marrow.h5ad	monocytes	CL:0000576	2548	1.5205162157022611	1.4841805195898503	1.015660107127176	1.0693067632726179
Fig2d	53	Krasnow_lung_10X.h5ad	monocytes	CL:0000576	3276	1.5205162157022611	0.8849907458120445	1.015660107127176	1.0693067632726179
Fig2d	54	TS_Vasculature_cellxgene_source.h5ad	monocytes	CL:0000576	427	1.5205162157022611	0.5940761273026144	1.015660107127176	1.0693067632726179
Fig2d	55	TS_large_intestine.h5ad	monocytes	CL:0000576	66	1.5205162157022611	0.13169947767240048	1.015660107127176	1.0693067632726179
Fig2d	56	TS_small_intestine.h5ad	monocytes	CL:0000576	78	1.5205162157022611	0.7444465096837417	1.015660107127176	1.0693067632726179
Fig2d	57	HLiCA_myeloid.h5ad	monocytes	CL:0000576	34639	1.5205162157022611	-0.8028247875400126	1.015660107127176	1.0693067632726179
Fig2d	58	TS_kidney.h5ad	monocytes	CL:0000576	54	1.5205162157022611	0.21577935852042754	1.015660107127176	1.0693067632726179
Fig2d	59	synovium_RA.h5ad	monocytes	CL:0000576	17562	1.5205162157022611	1.6987630469612935	1.015660107127176	1.0693067632726179
Fig2d	60	TS_bone_marrow.h5ad	neutrophil progenitors	CL:0000775	8677	0.9684669783181657	-0.4137012508814459	-0.7165044356721542	1.6425242326763894
Fig2d	61	TS_Vasculature_cellxgene_source.h5ad	neutrophil progenitors	CL:0000775	1440	0.9684669783181657	0.17124221589257613	-0.7165044356721542	1.6425242326763894
Fig2d	62	TS_prostate.h5ad	neutrophil progenitors	CL:0000775	261	0.9684669783181657	-0.1792848698460222	-0.7165044356721542	1.6425242326763894
Fig2d	63	TS_skin.h5ad	neutrophil progenitors	CL:0000775	290	0.9684669783181657	0.5391897441602902	-0.7165044356721542	1.6425242326763894
Fig2d	64	TS_small_intestine.h5ad	neutrophil progenitors	CL:0000775	77	0.9684669783181657	-1.1770355060419142	-0.7165044356721542	1.6425242326763894
Fig2d	65	TS_uterus.h5ad	neutrophil progenitors	CL:0000775	103	0.9684669783181657	0.4338487043141274	-0.7165044356721542	1.6425242326763894
Fig2d	66	TS_muscle.h5ad	neutrophil progenitors	CL:0000775	174	0.9684669783181657	-0.0021900602617536996	-0.7165044356721542	1.6425242326763894
Fig2d	67	HLiCA_myeloid.h5ad	neutrophil progenitors	CL:0000775	2906	0.9684669783181657	2.4857243086178737	-0.7165044356721542	1.6425242326763894
Fig2d	68	TS_bone_marrow.h5ad	neutrophils	CL:0000775	8677	1.5025219975594633	-0.4137012508814459	0.9591996602473903	1.6425242326763894
Fig2d	69	TS_Vasculature_cellxgene_source.h5ad	neutrophils	CL:0000775	1440	1.5025219975594633	0.17124221589257613	0.9591996602473903	1.6425242326763894
Fig2d	70	TS_prostate.h5ad	neutrophils	CL:0000775	261	1.5025219975594633	-0.1792848698460222	0.9591996602473903	1.6425242326763894
Fig2d	71	TS_skin.h5ad	neutrophils	CL:0000775	290	1.5025219975594633	0.5391897441602902	0.9591996602473903	1.6425242326763894
Fig2d	72	TS_small_intestine.h5ad	neutrophils	CL:0000775	77	1.5025219975594633	-1.1770355060419142	0.9591996602473903	1.6425242326763894
Fig2d	73	TS_uterus.h5ad	neutrophils	CL:0000775	103	1.5025219975594633	0.4338487043141274	0.9591996602473903	1.6425242326763894
Fig2d	74	TS_muscle.h5ad	neutrophils	CL:0000775	174	1.5025219975594633	-0.0021900602617536996	0.9591996602473903	1.6425242326763894
Fig2d	75	HLiCA_myeloid.h5ad	neutrophils	CL:0000775	2906	1.5025219975594633	2.4857243086178737	0.9591996602473903	1.6425242326763894
Fig2d	76	TS_Vasculature_cellxgene_source.h5ad	mast cells	CL:0000097	159	1.0439744621316542	-1.639537397191255	-0.4795846514922526	-1.220698338778444
Fig2d	77	TS_large_intestine.h5ad	mast cells	CL:0000097	393	1.0439744621316542	-0.8828878191313495	-0.4795846514922526	-1.220698338778444
Fig2d	78	TS_skin.h5ad	mast cells	CL:0000097	2001	1.0439744621316542	-0.7778638880235004	-0.4795846514922526	-1.220698338778444
Fig2d	79	TS_small_intestine.h5ad	mast cells	CL:0000097	250	1.0439744621316542	-3.1476711138218434	-0.4795846514922526	-1.220698338778444
Fig2d	80	TS_uterus.h5ad	mast cells	CL:0000097	65	1.0439744621316542	-0.32496933065063954	-0.4795846514922526	-1.220698338778444
Fig2d	81	TS_muscle.h5ad	mast cells	CL:0000097	66	1.0439744621316542	-0.6312403674296906	-0.4795846514922526	-1.220698338778444
Fig2d	82	TS_bone_marrow.h5ad	plasma cells	CL:0000786	1448	1.7008398785909937	0.13608617900844672	1.5814615500630356	-0.39718528474714354
Fig2d	83	Krasnow_lung_10X.h5ad	plasma cells	CL:0000786	187	1.7008398785909937	0.33197854395511245	1.5814615500630356	-0.39718528474714354
Fig2d	84	TS_Vasculature_cellxgene_source.h5ad	plasma cells	CL:0000786	68	1.7008398785909937	-0.7362387543315105	1.5814615500630356	-0.39718528474714354
Fig2d	85	TS_large_intestine.h5ad	plasma cells	CL:0000786	3308	1.7008398785909937	0.07843789464952039	1.5814615500630356	-0.39718528474714354
Fig2d	86	TS_skin.h5ad	plasma cells	CL:0000786	86	1.7008398785909937	1.1202991147933694	1.5814615500630356	-0.39718528474714354
Fig2d	87	TS_small_intestine.h5ad	plasma cells	CL:0000786	822	1.7008398785909937	-0.19020221019697148	1.5814615500630356	-0.39718528474714354
Fig2d	88	Krasnow_lung_10X.h5ad	lymphatic endothelial cells	CL:0002138	467	1.1794527126809171	0.26689962115080423	-0.05449463047544624	0.05773731566236649
Fig2d	89	TS_Vasculature_cellxgene_source.h5ad	lymphatic endothelial cells	CL:0002138	198	1.1794527126809171	-0.1651092243551553	-0.05449463047544624	0.05773731566236649
Fig2d	90	TS_small_intestine.h5ad	lymphatic endothelial cells	CL:0002138	73	1.1794527126809171	-1.0423796991375964	-0.05449463047544624	0.05773731566236649
Fig2d	91	TS_muscle.h5ad	lymphatic endothelial cells	CL:0002138	155	1.1794527126809171	0.879644873335389	-0.05449463047544624	0.05773731566236649
Fig2d	92	HLiCA_endothelial.h5ad	lymphatic endothelial cells	CL:0002138	628	1.1794527126809171	-1.6091958163630025	-0.05449463047544624	0.05773731566236649
Fig2d	93	Krasnow_lung_10X.h5ad	pericytes	CL:0000669	1608	1.2336936752059995	0.058926687914778834	0.11569720331543175	0.37246934861943665
Fig2d	94	TS_Vasculature_cellxgene_source.h5ad	pericytes	CL:0000669	1771	1.2336936752059995	-0.501019437795266	0.11569720331543175	0.37246934861943665
Fig2d	95	TS_uterus.h5ad	pericytes	CL:0000669	1033	1.2336936752059995	-1.4169685022002187	0.11569720331543175	0.37246934861943665
Fig2d	96	TS_muscle.h5ad	pericytes	CL:0000669	2390	1.2336936752059995	0.5207288486295374	0.11569720331543175	0.37246934861943665
Fig2d	97	HBCA_vascular.h5ad	pericytes	CL:0000669	3693	1.2336936752059995	-0.5011349999349122	0.11569720331543175	0.37246934861943665
Fig2d	98	TS_bone_marrow.h5ad	erythrocytes	CL:0000232	453	0.23700633405819163	-2.9063358675738638	-3.0116080362930946	-2.282125543235082
Fig2d	99	TS_Vasculature_cellxgene_source.h5ad	erythrocytes	CL:0000232	83	0.23700633405819163	-3.215985905803916	-3.0116080362930946	-2.282125543235082
Fig2d	100	TS_prostate.h5ad	erythrocytes	CL:0000232	139	0.23700633405819163	-2.7162037178385714	-3.0116080362930946	-2.282125543235082
Fig2d	101	TS_muscle.h5ad	erythrocytes	CL:0000232	124	0.23700633405819163	-1.6765420190945481	-3.0116080362930946	-2.282125543235082
Fig2d	102	TS_bone_marrow.h5ad	innate lymphoid cells	CL:0001065	1099	1.1968511041355676	0.0079506059587885	9.629138198281138e-05	0.18327106301692042
Fig2d	103	Krasnow_lung_10X.h5ad	innate lymphoid cells	CL:0001065	4769	1.1968511041355676	-0.42512257214634397	9.629138198281138e-05	0.18327106301692042
Fig2d	104	TS_Vasculature_cellxgene_source.h5ad	innate lymphoid cells	CL:0001065	242	1.1968511041355676	0.6523481779226744	9.629138198281138e-05	0.18327106301692042
Fig2d	105	TS_skin.h5ad	innate lymphoid cells	CL:0001065	64	1.1968511041355676	-0.3905480936948483	9.629138198281138e-05	0.18327106301692042
Fig2d	106	TS_small_intestine.h5ad	innate lymphoid cells	CL:0001065	161	1.1968511041355676	0.1255921473415387	9.629138198281138e-05	0.18327106301692042
Fig2d	107	TS_uterus.h5ad	innate lymphoid cells	CL:0001065	92	1.1968511041355676	0.3941869454538777	9.629138198281138e-05	0.18327106301692042
Fig2d	108	TS_muscle.h5ad	innate lymphoid cells	CL:0001065	91	1.1968511041355676	0.3882926167891339	9.629138198281138e-05	0.18327106301692042
Fig2d	109	TS_kidney.h5ad	innate lymphoid cells	CL:0001065	201	1.1968511041355676	0.3098384987231057	9.629138198281138e-05	0.18327106301692042
Fig2d	110	synovium_RA.h5ad	innate lymphoid cells	CL:0001065	9698	1.1968511041355676	-0.30300961216287764	9.629138198281138e-05	0.18327106301692042
Fig2d	111	Krasnow_lung_10X.h5ad	pdcs	CL:0001058	137	1.7578639697571792	1.883489331900885	1.760386004829919	1.9120580977046808
Fig2d	112	Krasnow_lung_10X.h5ad	respiratory ciliated cells	CL:4030034	1321	1.3793437519025373	0.9324758374662563	0.5727033567977378	1.3654284607702227
Fig2d	113	Krasnow_lung_10X.h5ad	smooth muscle cells	CL:0000192	1162	0.9265776295392048	-0.8622202945143587	-0.8479406188280175	0.09601354692454829
Fig2d	114	TS_Vasculature_cellxgene_source.h5ad	smooth muscle cells	CL:0000192	8587	0.9265776295392048	0.031436650502474565	-0.8479406188280175	0.09601354692454829
Fig2d	115	TS_prostate.h5ad	smooth muscle cells	CL:0000192	477	0.9265776295392048	-0.9886265954791519	-0.8479406188280175	0.09601354692454829
Fig2d	116	TS_skin.h5ad	smooth muscle cells	CL:0000192	504	0.9265776295392048	-0.08311691698685066	-0.8479406188280175	0.09601354692454829
Fig2d	117	TS_uterus.h5ad	smooth muscle cells	CL:0000192	4512	0.9265776295392048	-0.5795272872781457	-0.8479406188280175	0.09601354692454829
Fig2d	118	TS_muscle.h5ad	smooth muscle cells	CL:0000192	218	0.9265776295392048	-1.0928137244659026	-0.8479406188280175	0.09601354692454829
Fig2d	119	HBCA_vascular.h5ad	smooth muscle cells	CL:0000192	1074	0.9265776295392048	-0.8947037789673039	-0.8479406188280175	0.09601354692454829
Fig2d	120	Krasnow_lung_10X.h5ad	alveolar cells type 1	CL:0002062	972	1.2966379611229955	1.19678899159564	0.31319744940559113	1.5173520710283923
Fig2d	121	Krasnow_lung_10X.h5ad	alveolar cells type 2	CL:0002063	3814	1.070807038893741	-2.1378541817968912	-0.39539209236570155	-0.3993555233903179
Fig2d	122	Krasnow_lung_10X.h5ad	goblet cells	CL:0000160	159	1.43299304532506	-0.49313953772169283	0.741038710819927	0.3977202041987698
Fig2d	123	TS_large_intestine.h5ad	goblet cells	CL:0000160	1557	1.43299304532506	0.6122687476796094	0.741038710819927	0.3977202041987698
Fig2d	124	TS_small_intestine.h5ad	goblet cells	CL:0000160	2044	1.43299304532506	0.7936623452466379	0.741038710819927	0.3977202041987698
Fig2d	125	HLiCA_hepatocyte.h5ad	hepatocytes	CL:0000182	227189	1.3079818397902427	0.1551940548451508	0.3487911303213245	0.1444061704209474
Fig2d	126	TS_testis.h5ad	peritubular myoid cells	CL:0002481	67	1.0839393244169575	0.3609786450656045	-0.35418692838971017	-0.5597858876077269
Fig2d	127	TS_bone_marrow.h5ad	t-cells	CL:0000084	5971	1.3869126531081257	0.7685756546796932	0.596452293320857	0.1642935424051358
Fig2d	128	Krasnow_lung_10X.h5ad	t-cells	CL:0000084	7512	1.3869126531081257	-0.15846136619467996	0.596452293320857	0.1642935424051358
Fig2d	129	TS_Vasculature_cellxgene_source.h5ad	t-cells	CL:0000084	2775	1.3869126531081257	0.1289870039329035	0.596452293320857	0.1642935424051358
Fig2d	130	TS_large_intestine.h5ad	t-cells	CL:0000084	9919	1.3869126531081257	1.085671865459391	0.596452293320857	0.1642935424051358
Fig2d	131	TS_prostate.h5ad	t-cells	CL:0000084	3119	1.3869126531081257	0.7109909134783671	0.596452293320857	0.1642935424051358
Fig2d	132	TS_skin.h5ad	t-cells	CL:0000084	4805	1.3869126531081257	0.415418330898191	0.596452293320857	0.1642935424051358
Fig2d	133	TS_small_intestine.h5ad	t-cells	CL:0000084	10580	1.3869126531081257	0.5900107762533214	0.596452293320857	0.1642935424051358
Fig2d	134	TS_uterus.h5ad	t-cells	CL:0000084	1986	1.3869126531081257	0.8856220937136914	0.596452293320857	0.1642935424051358
Fig2d	135	TS_muscle.h5ad	t-cells	CL:0000084	2137	1.3869126531081257	0.25659413309124407	0.596452293320857	0.1642935424051358
Fig2d	136	TS_kidney.h5ad	t-cells	CL:0000084	836	1.3869126531081257	0.2568495642457279	0.596452293320857	0.1642935424051358
Fig2d	137	synovium_RA.h5ad	t-cells	CL:0000084	61000	1.3869126531081257	-0.34588450071158156	0.596452293320857	0.1642935424051358
Fig2d	138	Krasnow_lung_10X.h5ad	vascular smooth muscle cells	CL:0000359	469	1.0708054285247035	-0.6467992404732451	-0.39539714521961133	0.09601354692454829
Fig2d	139	TS_uterus.h5ad	vascular smooth muscle cells	CL:0000359	3595	1.0708054285247035	-0.5235845610292208	-0.39539714521961133	0.09601354692454829
Fig2d	140	HBCA_vascular.h5ad	vascular smooth muscle cells	CL:0000359	1074	1.0708054285247035	-0.8947037789673039	-0.39539714521961133	0.09601354692454829
Fig2d	141	TS_testis.h5ad	differentiating spermatogonia	CL:0000020	64	0.7126010450852229	-0.6982886478126803	-1.5193348124633477	-1.684678316929112
Fig2d	142	TS_large_intestine.h5ad	enterocytes	CL:0000584	5657	1.7653935008391455	-0.9902320773014673	1.7840114097410629	-0.3175735494714066
Fig2d	143	TS_small_intestine.h5ad	enterocytes	CL:0000584	22672	1.7653935008391455	-0.09166576073928409	1.7840114097410629	-0.3175735494714066
Fig2d	144	TS_bone_marrow.h5ad	hematopoietic stem cells	CL:0000037	792	0.7914005215697895	-0.12943996658595341	-1.2720857449626013	-0.48553840760677736
Fig2d	145	TS_testis.h5ad	mesothelial cells	CL:0000077	67	1.1066471914993434	0.3609786450656045	-0.2829364682150102	-0.5597858876077269
Fig2d	146	HBCA_microglia.h5ad	microglia	CL:0000129	88494	1.4119369473934154	-0.9997228495146073	0.674971005664256	0.7219847751623725
Fig2d	147	TS_large_intestine.h5ad	paneth cells	CL:0000510	217	1.2253793880500803	-0.3486912665096474	0.08960946976764506	-0.2600786408447645
Fig2d	148	TS_small_intestine.h5ad	paneth cells	CL:0000510	1853	1.2253793880500803	-0.02050358674142522	0.08960946976764506	-0.2600786408447645
Fig2d	149	Krasnow_lung_10X.h5ad	respiratory basal cells	CL:0002633	593	1.1399910570918397	-0.5977124499168514	-0.17831344224567375	0.4858970210288231
Fig2d	150	TS_large_intestine.h5ad	tuft cells	CL:0002204	178	1.1219414270285262	-2.552202234386001	-0.23494775507339624	0.11474090338247729
Fig2d	151	TS_small_intestine.h5ad	tuft cells	CL:0002204	448	1.1219414270285262	0.44341529340333546	-0.23494775507339624	0.11474090338247729
Fig2d	152	TS_testis.h5ad	undifferentiated spermatogonia	CL:0000020	64	0.8836285239633287	-0.6982886478126803	-0.9827020002149396	-1.684678316929112
Fig2d	153	TS_bone_marrow.h5ad	cdc	CL:0000990	108	1.4035336934898062	-0.6883571664160276	0.6486041212085414	-0.32448810028063646
Fig2d	154	Krasnow_lung_10X.h5ad	cdc	CL:0000990	397	1.4035336934898062	0.4367549675070504	0.6486041212085414	-0.32448810028063646
Fig2d	155	TS_skin.h5ad	cdc	CL:0000990	184	1.4035336934898062	0.6820153863638417	0.6486041212085414	-0.32448810028063646
Fig2d	156	HLiCA_myeloid.h5ad	cdc	CL:0000990	11592	1.4035336934898062	-0.6803651470861756	0.6486041212085414	-0.32448810028063646
Fig2d	157	synovium_RA.h5ad	cdc	CL:0000990	6047	1.4035336934898062	-1.4501624980065189	0.6486041212085414	-0.32448810028063646
Fig2d	158	HLiCA_cholangiocyte.h5ad	cholangiocytes	CL:1000488	8811	1.1458287308491177	-0.09288687318841755	-0.1599965769915845	0.14686891578978845
Fig2d	159	TS_bone_marrow.h5ad	erythrocyte progenitors	CL:0000038	971	0.5899035229904736	-1.4833063625374048	-1.9043227498961643	-1.6847928050365035
Fig2d	160	HLiCA_myeloid.h5ad	kupffer cells	CL:0000091	12469	1.5099291327519626	0.21873481890987082	0.982441023653607	1.038365496931565
Fig2d	161	TS_bone_marrow.h5ad	megakaryocyte-erythroid progenitors	CL:0000038	971	0.6700110500445892	-1.4833063625374048	-1.6529694129510877	-1.6847928050365035
Fig2d	162	TS_skin.h5ad	melanocytes	CL:0000148	106	1.0881265637707627	-1.1950700939324534	-0.341048630118991	-1.4172212709440433
