panel	cell_type	IFN_I_capacity	IFN_III_capacity	ISG_priming
Fig2b	pdcs	1.6048641931796732	1.3130292693401078	1.324042817911479
Fig2b	enterocytes	0.22865695018947763	2.110914621121601	1.5115542619444975
Fig2b	urothelial cells	0.892561551209592	1.2932199803177837	1.20702227090651
Fig2b	kupffer cells	1.6063753597090098	0.4416757758791898	0.9951629775532164
Fig2b	monocytes	1.6524434562214794	0.3549591931372744	0.9981195033240369
Fig2b	macrophages	1.1089199644772647	0.7304225649818754	1.0053210320904444
Fig2b	microglia	1.2018598107187701	1.1074069113283556	-0.030743603272933573
Fig2b	vascular endothelial cells	1.1861305079858213	-0.4820901676142576	1.4719181752154502
Fig2b	colonocytes	-0.5177673836700366	1.846551820858896	0.7607658521684127
Fig2b	hepatocytes	0.7854439363505293	0.46075273710186115	0.15451678676111824
Fig2b	respiratory ciliated cells	0.5951853567051792	0.39790434397488605	0.7229766392526799
Fig2b	ocular epithelial cells	0.10328339720399879	0.9544607467273905	0.6544519884821351
Fig2b	choroid plexus epithelial cells	0.09058796407346015	0.5349605120778111	-0.8656646634717775
Fig2b	leydig cells	-0.6209525707606407	-0.4254603415101256	-0.021486637532820107
Fig2b	sertoli cells	-0.6463210249936207	-1.0129118809879298	-0.3713837473470325
Fig2b	rod photoreceptor cells	-0.6254818784083416	-0.6408813662103522	-1.7334779171128882
Fig2b	retinal pigment epithelial cells	-0.9140531147778226	-0.919114600191824	-1.2405289985495336
