panel	route	isoform	n_pairs	mean_diff_IFNB1_minus_typeIII_log2	sd_diff	se_diff	ci95_lo	ci95_hi	sign_flip_p	significance
FigS4c	apical-basal	IFNL1	15	2.0878149236611585	0.35875516528262075	0.09263018536703196	1.889123176048875	2.286506671273442	6.103515625e-05	*
FigS4c	apical-basal	IFNL2	15	2.5193310066215107	0.6790659851818743	0.17533408343902213	2.143239397644808	2.8954226155982132	6.103515625e-05	*
FigS4c	apical-basal	IFNL3	15	2.2023531298545436	0.45608887389235536	0.11776164086503914	1.9497544101990347	2.4549518495100524	6.103515625e-05	*
FigS4c	apical-basal	IFNL4	15	5.617437965082885	0.3012430380790426	0.07778061797607058	5.450598539524214	5.784277390641557	6.103515625e-05	*
FigS4c	apical-basal	IFNL123_mean	15	2.2698330200457377	0.449398957512595	0.11603431188328366	2.0209394210560943	2.518726619035381	6.103515625e-05	*
FigS4c	apical-only	IFNL1	15	0.3872827583355369	1.3906833511133976	0.3590728972473407	-0.38292860626000896	1.1574941229310827	0.3017578125	n.s.
FigS4c	apical-only	IFNL2	15	1.577115770562627	0.8674842300113644	0.22398346506210523	1.0966712380044115	2.0575603031208427	6.103515625e-05	*
FigS4c	apical-only	IFNL3	15	0.2668175637366947	1.3259012154423913	0.3423462217416369	-0.46751508189911656	1.001150209372506	0.3017578125	n.s.
FigS4c	apical-only	IFNL4	15	1.8849039179947742	0.911068604439492	0.23523690214977233	1.3803207628835126	2.389487073106036	6.103515625e-05	*
FigS4c	apical-only	IFNL123_mean	15	0.743738697544953	1.1495024300011452	0.29680025118795944	0.10710215874677997	1.380375236343126	0.11846923828125	n.s.
