panel	route	time	treatment	mean_ISG17_log2_tpm1	sd	sem	n_replicates
FigS4a	apical-basal	6h	Ctrl	4.086844914560856	0.1520747819570404	0.06800991002388017	5
FigS4a	apical-basal	6h	IFNB1	9.485261786324275	0.1608926063255832	0.07195336096422333	5
FigS4a	apical-basal	6h	IFNL1	7.689532155774543	0.12921583183172533	0.0577870767489838	5
FigS4a	apical-basal	6h	IFNL2	7.599849992796672	0.328766498955552	0.14702884807784555	5
FigS4a	apical-basal	6h	IFNL3	7.668587526804525	0.15027669260425844	0.06720578001939236	5
FigS4a	apical-basal	6h	IFNL4	4.127214172051789	0.14143804220448986	0.0632530153947447	5
FigS4a	apical-basal	24h	Ctrl	4.255889715269416	0.2139466452771796	0.09567984847956158	5
FigS4a	apical-basal	24h	IFNB1	10.277686655043194	0.07526888532288586	0.0336612688345218	5
FigS4a	apical-basal	24h	IFNL1	7.854699443219749	0.24970114982318217	0.11166974901289899	5
FigS4a	apical-basal	24h	IFNL2	7.265148052245316	0.5086544670068517	0.22747719305724887	5
FigS4a	apical-basal	24h	IFNL3	7.574476612688185	0.37808498217669273	0.16908474428377626	5
FigS4a	apical-basal	24h	IFNL4	4.3898784992556745	0.175553926104589	0.07851010249736717	5
FigS4a	apical-basal	72h	Ctrl	4.390063449788628	0.2347731148321781	0.10499372881082288	5
FigS4a	apical-basal	72h	IFNB1	10.124831777268462	0.20558737729131285	0.09194147018785442	5
FigS4a	apical-basal	72h	IFNL1	8.080103848658164	0.17541430869152042	0.07844766369207436	5
FigS4a	apical-basal	72h	IFNL2	7.464789153729408	0.7491672515122785	0.3350377801796273	5
FigS4a	apical-basal	72h	IFNL3	8.037656689579588	0.1627834108680449	0.07279895446204529	5
FigS4a	apical-basal	72h	IFNL4	4.518373652079811	0.24818164587383446	0.1109902061883348	5
FigS4a	apical-only	6h	Ctrl	4.153485195054843	0.15389082884613328	0.0688220708827479	5
FigS4a	apical-only	6h	IFNB1	6.783694103428074	0.6057218566806823	0.27088704939907815	5
FigS4a	apical-only	6h	IFNL1	5.214719214166399	0.807904144654736	0.3613057173503626	5
FigS4a	apical-only	6h	IFNL2	4.601625808914468	0.469726174572983	0.21006793143122462	5
FigS4a	apical-only	6h	IFNL3	5.6693292533028785	0.7562964279455725	0.3382260448053143	5
FigS4a	apical-only	6h	IFNL4	4.1722788497184045	0.24905095615028142	0.11137897356266971	5
FigS4a	apical-only	24h	Ctrl	4.278577097462422	0.20141206631258132	0.09007421435272545	5
FigS4a	apical-only	24h	IFNB1	6.429820677721648	0.7383136958530834	0.3301839225293198	5
FigS4a	apical-only	24h	IFNL1	5.710890691411016	1.0868583774668858	0.48605784278621644	5
FigS4a	apical-only	24h	IFNL2	4.555467156669066	0.28079171392886465	0.12557387197272318	5
FigS4a	apical-only	24h	IFNL3	5.567650338893408	1.1611411593068992	0.5192781127366278	5
FigS4a	apical-only	24h	IFNL4	4.311340358743121	0.17595681691837725	0.07869028074679532	5
FigS4a	apical-only	72h	Ctrl	4.387822877918834	0.3293272052462197	0.1472796035541145	5
FigS4a	apical-only	72h	IFNB1	5.3251345926719935	0.8535561162231907	0.3817218996971531	5
FigS4a	apical-only	72h	IFNL1	6.451191193237689	0.6647247462390091	0.2972739437833444	5
FigS4a	apical-only	72h	IFNL2	4.650209096550299	0.2492708500849077	0.11147731311980257	5
FigS4a	apical-only	72h	IFNL3	6.501217090415343	0.6225465386206611	0.2784112759025993	5
FigS4a	apical-only	72h	IFNL4	4.400318411375865	0.2756898558072456	0.12329225165842325	5
