compartment	n_members_listed	n_present_in_hpa	n_missing	missing_members	coverage	best_rank	worst_rank	median_delta	present_members
urothelium	1	1	0		1.0	7	7	1.131	urothelial cells
enteric epithelium	12	12	0		1.0	5	87	0.242	enterocytes;colonocytes;goblet cells;paneth cells;tuft cells;enteric stem cells;enteric transient amplifying cells;foveolar cells;mucous neck cells;parietal cells;gastric chief cells;gastric progenitor cells
airway epithelium	8	8	0		1.0	28	113	0.097	respiratory basal cells;respiratory ciliated cells;respiratory secretory cells;respiratory deuterosomal cells;respiratory ionocytes;alveolar cells type 1;alveolar cells type 2;transitional alveolar cells
ocular surface epithelium	2	2	0		1.0	29	75	0.571	ocular epithelial cells;conjunctival goblet cells
hepatobiliary	4	4	0		1.0	9	122	0.467	hepatocytes;kupffer cells;cholangiocytes;hepatic stellate cells
myeloid	11	11	0		1.0	2	99	0.948	monocytes;macrophages;kupffer cells;microglia;pdcs;cdc;neutrophils;mast cells;hofbauer cells;monocyte progenitors;neutrophil progenitors
retinal pigment epithelium	1	1	0		1.0	143	143	-1.025	retinal pigment epithelial cells
photoreceptors	2	2	0		1.0	142	151	-1.0	rod photoreceptor cells;cone photoreceptor cells
retinal neurons	4	4	0		1.0	124	153	-0.744	retinal amacrine cells;retinal bipolar cells;retinal horizontal cells;retinal ganglion cells
Muller glia	2	2	0		1.0	111	120	-0.312	müller glia;bergmann glia
seminiferous epithelium	7	7	0		1.0	123	150	-0.79	sertoli cells;undifferentiated spermatogonia;differentiating spermatogonia;early primary spermatocytes;late primary spermatocytes;early spermatids;late spermatids
interstitial cells of the testis	2	2	0		1.0	93	114	-0.07	leydig cells;peritubular myoid cells
epididymis	5	5	0		1.0	18	69	0.493	epididymal basal cells;epididymal clear cells;epididymal principal cells;epididymal efferent duct absorptive cells;epididymal efferent duct ciliated cells
ventricular system	2	2	0		1.0	61	94	0.19	choroid plexus epithelial cells;ependymal cells
kidney tubule	7	7	0		1.0	100	128	-0.455	proximal tubule cells;loop of henle epithelial cells;distal convoluted tubule cells;podocytes;renal collecting duct principal cells;renal collecting duct intercalated cells;renal connecting tubule cells
endothelium	2	2	0		1.0	16	62	0.725	vascular endothelial cells;lymphatic endothelial cells
plasma cells	1	1	0		1.0	4	4	1.371	plasma cells
trophoblast	4	4	0		1.0	1	79	0.759	extravillous trophoblasts;cytotrophoblasts;syncytiotrophoblasts;migrating cytotrophoblasts
thymus	2	2	0		1.0	32	102	0.52	thymocytes;medullary thymic epithelial cells
adrenal gland	2	2	0		1.0	138	145	-0.89	adrenal cortex cells;adrenal medulla cells
pituitary	7	7	0		1.0	89	117	-0.227	somatotrophs;lactotrophs;corticotrophs;gonadotrophs;thyrotrophs;pituicytes/fscs;pituitary stem cells
skeletal muscle	3	3	0		1.0	125	136	-0.71	myonuclei;myosatellite cells;fibro-adipogenic progenitors
cardiac muscle	2	2	0		1.0	126	147	-0.643	cardiomyocytes;epicardial cells
adipose	1	1	0		1.0	149	149	-1.131	adipocytes
skin	5	5	0		1.0	41	86	0.104	basal keratinocytes;suprabasal keratinocytes;melanocytes;fibroblasts;schwann cells
spleen	3	0	3	splenic red pulp macrophages;splenic white pulp;marginal zone B cells	0.0				
