animal	day	n_tissues	feature	rho	p
RA0223	D003	9	S_AT_lectin	-0.35	0.3558
RA0223	D003	9	S_AT_broad	0.4167	0.2646
RA0223	D003	9	S_EM_all	0.1	0.798
RA0223	D003	9	S_RE_interferon	-0.15	0.7001
RA0223	D003	9	S_ISG_control	0.4833	0.1875
RA0223	D003	9	S_MONO_marker	0.3333	0.3807
RA0449	D003	11	S_AT_lectin	-0.0273	0.9366
RA0449	D003	11	S_AT_broad	-0.1455	0.6696
RA0449	D003	11	S_EM_all	-0.0545	0.8734
RA0449	D003	11	S_RE_interferon	0.0727	0.8317
RA0449	D003	11	S_ISG_control	0.3818	0.2466
RA0449	D003	11	S_MONO_marker	0.0	1.0
RA0452	D005	11	S_AT_lectin	0.2182	0.5192
RA0452	D005	11	S_AT_broad	0.0455	0.8944
RA0452	D005	11	S_EM_all	0.3	0.3701
RA0452	D005	11	S_RE_interferon	0.3364	0.3118
RA0452	D005	11	S_ISG_control	-0.0273	0.9366
RA0452	D005	11	S_MONO_marker	0.1909	0.5739
RA0700	D007	9	S_AT_lectin	-0.15	0.7001
RA0700	D007	9	S_AT_broad	-0.2333	0.5457
RA0700	D007	9	S_EM_all	0.35	0.3558
RA0700	D007	9	S_RE_interferon	0.0833	0.8312
RA0700	D007	9	S_ISG_control	0.3667	0.3317
RA0700	D007	9	S_MONO_marker	-0.05	0.8984
RA0717	D004	9	S_AT_lectin	0.3	0.4328
RA0717	D004	9	S_AT_broad	0.0	1.0
RA0717	D004	9	S_EM_all	0.0667	0.8647
RA0717	D004	9	S_RE_interferon	-0.2167	0.5755
RA0717	D004	9	S_ISG_control	0.2	0.6059
RA0717	D004	9	S_MONO_marker	-0.0667	0.8647
RA0850	D004	11	S_AT_lectin	-0.0545	0.8734
RA0850	D004	11	S_AT_broad	0.4909	0.1252
RA0850	D004	11	S_EM_all	0.6	0.051
RA0850	D004	11	S_RE_interferon	0.2818	0.4011
RA0850	D004	11	S_ISG_control	0.5	0.1173
RA0850	D004	11	S_MONO_marker	-0.3781	0.2515
RA0917	D006	9	S_AT_lectin	-0.1333	0.7324
RA0917	D006	9	S_AT_broad	0.1833	0.6368
RA0917	D006	9	S_EM_all	0.0833	0.8312
RA0917	D006	9	S_RE_interferon	-0.1333	0.7324
RA0917	D006	9	S_ISG_control	0.0	1.0
RA0917	D006	9	S_MONO_marker	-0.6833	0.0424
RA1074	D000	9	S_AT_lectin	0.1333	0.7324
RA1074	D000	9	S_AT_broad	-0.1167	0.765
RA1074	D000	9	S_EM_all	-0.2667	0.4879
RA1074	D000	9	S_RE_interferon	0.2167	0.5755
RA1074	D000	9	S_ISG_control	-0.6	0.0876
RA1074	D000	9	S_MONO_marker	-0.0333	0.9322
RA1082	D000	10	S_AT_lectin	-0.1585	0.6618
RA1082	D000	10	S_AT_broad	0.2683	0.4536
RA1082	D000	10	S_EM_all	0.5	0.1411
RA1082	D000	10	S_RE_interferon	0.4634	0.1774
RA1082	D000	10	S_ISG_control	0.2561	0.4751
RA1082	D000	10	S_MONO_marker	-0.1707	0.6372
RA1325	D006	10	S_AT_lectin	-0.4061	0.2443
RA1325	D006	10	S_AT_broad	-0.0788	0.8287
RA1325	D006	10	S_EM_all	-0.0182	0.9602
RA1325	D006	10	S_RE_interferon	-0.5879	0.0739
RA1325	D006	10	S_ISG_control	-0.3212	0.3655
RA1325	D006	10	S_MONO_marker	-0.0424	0.9074
RA1423	D008	9	S_AT_lectin	-0.2333	0.5457
RA1423	D008	9	S_AT_broad	0.05	0.8984
RA1423	D008	9	S_EM_all	0.4833	0.1875
RA1423	D008	9	S_RE_interferon	0.05	0.8984
RA1423	D008	9	S_ISG_control	0.3	0.4328
RA1423	D008	9	S_MONO_marker	-0.2833	0.46
RA1639	D005	10	S_AT_lectin	0.2364	0.5109
RA1639	D005	10	S_AT_broad	0.0788	0.8287
RA1639	D005	10	S_EM_all	-0.0061	0.9867
RA1639	D005	10	S_RE_interferon	0.297	0.4047
RA1639	D005	10	S_ISG_control	-0.0303	0.9338
RA1639	D005	10	S_MONO_marker	-0.2242	0.5334
RA1779	D008	12	S_AT_lectin	0.007	0.9828
RA1779	D008	12	S_AT_broad	-0.007	0.9828
RA1779	D008	12	S_EM_all	0.0769	0.8122
RA1779	D008	12	S_RE_interferon	-0.1399	0.6646
RA1779	D008	12	S_ISG_control	0.3566	0.2551
RA1779	D008	12	S_MONO_marker	0.4825	0.1121
RA1790	D007	12	S_AT_lectin	0.0699	0.829
RA1790	D007	12	S_AT_broad	0.1189	0.7129
RA1790	D007	12	S_EM_all	0.4545	0.1377
RA1790	D007	12	S_RE_interferon	0.1329	0.6806
RA1790	D007	12	S_ISG_control	0.021	0.9484
RA1790	D007	12	S_MONO_marker	0.0839	0.7954
RA1803	D006	10	S_AT_lectin	-0.8061	0.0049
RA1803	D006	10	S_AT_broad	0.5636	0.0897
RA1803	D006	10	S_EM_all	0.8545	0.0016
RA1803	D006	10	S_RE_interferon	0.3333	0.3466
RA1803	D006	10	S_ISG_control	0.1273	0.7261
RA1803	D006	10	S_MONO_marker	0.0667	0.8548
RA1818	D006	9	S_AT_lectin	-0.1	0.798
RA1818	D006	9	S_AT_broad	-0.0833	0.8312
RA1818	D006	9	S_EM_all	0.0	1.0
RA1818	D006	9	S_RE_interferon	0.0833	0.8312
RA1818	D006	9	S_ISG_control	-0.0667	0.8647
RA1818	D006	9	S_MONO_marker	-0.1333	0.7324
RA1819	D006	10	S_AT_lectin	-0.3091	0.3848
RA1819	D006	10	S_AT_broad	-0.2	0.5796
RA1819	D006	10	S_EM_all	-0.0909	0.8028
RA1819	D006	10	S_RE_interferon	-0.3212	0.3655
RA1819	D006	10	S_ISG_control	-0.1273	0.7261
RA1819	D006	10	S_MONO_marker	-0.2848	0.425
RA1834	D003	12	S_AT_lectin	0.0559	0.8629
RA1834	D003	12	S_AT_broad	-0.4056	0.1908
RA1834	D003	12	S_EM_all	-0.3147	0.3191
RA1834	D003	12	S_RE_interferon	-0.014	0.9656
RA1834	D003	12	S_ISG_control	-0.4406	0.1517
RA1834	D003	12	S_MONO_marker	-0.2168	0.4986
RA1849	D004	10	S_AT_lectin	0.6848	0.0289
RA1849	D004	10	S_AT_broad	0.2848	0.425
RA1849	D004	10	S_EM_all	0.297	0.4047
RA1849	D004	10	S_RE_interferon	0.4061	0.2443
RA1849	D004	10	S_ISG_control	0.2364	0.5109
RA1849	D004	10	S_MONO_marker	-0.0061	0.9867
RA1856	D000	8	S_AT_lectin	-0.2857	0.4927
RA1856	D000	8	S_AT_broad	0.4524	0.2604
RA1856	D000	8	S_EM_all	0.5952	0.1195
RA1856	D000	8	S_RE_interferon	0.381	0.3518
RA1856	D000	8	S_ISG_control	0.4762	0.2329
RA1856	D000	8	S_MONO_marker	0.0238	0.9554
