column	sample_column	gsm	title	animal	raw_tissue	source	day	tissue	is_vendor	ISG_core	ISG_broad	IFN_rec	genes_detected	ISG15	MX1
A0001_S121_L002	S000	GSM7063899	RA1803_Spleen [A0001_S121_L002]	RA1803	Spleen	Spleen	6.0	spleen	False	0.6028285868773824	0.41675891175009516	0.05190285530785884	22570	0.7568177130543352	0.44883946070042946
A0002_S124_L002	S001	GSM7063900	RA1803_Kidney [A0002_S124_L002]	RA1803	Kidney	Kidney	6.0	kidney	False	1.159745858141771	0.5285119700074543	-0.6194315653517756	19398	1.1456505670894939	1.173841149194048
A0003	S002	GSM7063901	RA1803_Liver-L [A0003]	RA1803	Liver-L	Liver	6.0	liver	False	1.1020918024575201	0.5051009850908049	0.7298239690827275	18377	1.2500433670416844	0.954140237873356
A0006_S89_L002	S003	GSM7063902	RA1803_Brain-Gr [A0006_S89_L002]	RA1803	Brain-Gr	Brain:Brain-Gr	6.0	brain	False	0.2650950727442999	-0.5123302790139228	-1.1534514291293199	24749	0.24510871649987015	0.2850814289887297
A0007_S17_L001	S004	GSM7063903	RA1803_Ovary [A0007_S17_L001]	RA1803	Ovary	Sex Organ:Ovary	6.0	ovary	False	0.9125233665672647	0.6774158495888527	-0.6276808432881078	24317	0.873803553487003	0.9512431796475264
A0008_S140_L002	S005	GSM7063904	RA1803_LN-AX-R [A0008_S140_L002]	RA1803	LN-AX-R	Lymph node:LN-AX-R	6.0	lymph node	False	0.7092494130882497	0.6278844264894928	-0.12139918197495236	22496	0.7074966098626373	0.7110022163138622
A0009_S139_L002	S006	GSM7063905	RA1803_LN-ING-L [A0009_S139_L002]	RA1803	LN-ING-L	Lymph node:LN-ING-L	6.0	lymph node	False	0.8320885576367795	0.6418617287149233	0.09598285442061795	22551	0.9197455551143962	0.7444315601591628
A0010_S19_L001	S007	GSM7063906	RA1082_LN-MES [A0010_S19_L001]	RA1082	LN-MES	Lymph node:LN-MES	6.0	lymph node	False	0.9719521627199486	0.7142188349172879	0.10253494176056761	22210	1.0082969184943977	0.9356074069454995
A0012_S16_L001	S008	GSM7063907	RA1803_Sex-Organ [A0012_S16_L001]	RA1803	Sex-Organ	Sex Organ:Sex-Organ	6.0	sex organ	False	1.3232301854855932	0.8478951804149724	-0.6166492638384855	17032	1.3639539908112577	1.282506380159929
A0013_S47_L001	S009	GSM7063908	RA1803_Skin-Rash [A0013_S47_L001]	RA1803	Skin-Rash	Skin:Rash	6.0	skin	False	0.7835645756880331	0.5043155346135482	-0.642337905130775	14682	0.9435817796287775	0.6235473717472886
A0014	S010	GSM7063909	A0014 [A0014]	A0014 [A0014]	Skin:Non-Rash	Skin:Non-Rash	6.0	skin	False	0.7588268799211733	0.34547602739662764	-0.641298574268581	14914	0.7651229228144651	0.7525308370278813
A0015_S120_L002	S011	GSM7063910	RA0850_Spleen [A0015_S120_L002]	RA0850	Spleen	Spleen	4.0	spleen	False	0.4342613031236032	0.5469979123471631	0.2590506777041967	22548	0.23822706968495155	0.6302955365622549
A0016_S123_L002	S012	GSM7063911	RA0850_Kidney [A0016_S123_L002]	RA0850	Kidney	Kidney	4.0	kidney	False	0.28229924257612626	-0.30245830624851916	-0.7689379752154509	21304	0.19386493531608825	0.3707335498361643
A0018	S013	GSM7063912	RA0850_Adrenal [A0018]	RA0850	Adrenal	Adrenal Gland	4.0	adrenal gland	False	0.761193174696843	0.8895306221774353	-0.5620663661009102	9080	0.3496684707440354	1.1727178786496506
A0020_S88_L002	S014	GSM7063913	RA0850_Brain-Gr [A0020_S88_L002]	RA0850	Brain-Gr	Brain:Brain-Gr	4.0	brain	False	-0.2399270879144138	-0.8753861618698825	-1.316884648311177	24487	-0.16973869546253886	-0.3101154803662887
A0021_S15_L001	S015	GSM7063914	RA0850_Ovary [A0021_S15_L001]	RA0850	Ovary	Sex Organ:Testis	4.0	ovary	False	-0.6808903942043598	-1.0162508801114836	-1.2739109019374357	30108	-0.6133604224583412	-0.7484203659503783
A0022_S185_L002	S016	GSM7063915	RA0850_LN-AX-R [A0022_S185_L002]	RA0850	LN-AX-R	Lymph node:LN-AX-R	4.0	lymph node	False	-0.08929816499023024	0.04382479771211091	0.16251462179597667	23105	-0.18703991865260688	0.008443588672146387
A0023_S184_L002	S017	GSM7063916	RA0850_LN-ING-L [A0023_S184_L002]	RA0850	LN-ING-L	Lymph node:LN-ING-L	4.0	lymph node	False	-1.2894957002641035e-05	0.01688064917042298	0.0840022555358005	23160	0.005282150830536849	-0.005307940744542131
A0024_S183_L002	S018	GSM7063917	RA0850_LN-MES [A0024_S183_L002]	RA0850	LN-MES	Lymph node:LN-MES	4.0	lymph node	False	-0.4952573104372826	-0.36843709752221926	0.026469688774748073	20764	-0.5273046048785832	-0.46321001599598194
A0025	S019	GSM7063918	A0025 [A0025]	A0025 [A0025]	Lung	Lung	4.0	lung	False	0.2454410702141297	0.12729700153244977	-0.39888991885327907	13369	0.0763192652670378	0.4145628751612216
A0026_S14_L001	S020	GSM7063919	RA0850_Sex-Organ [A0026_S14_L001]	RA0850	Sex-Organ	Sex Organ:Sex-Organ	4.0	sex organ	False	0.07464134506186532	-0.22783600288083658	-0.5478381818477819	21619	0.027807051931447946	0.1214756381922827
A0029_S119_L002	S021	GSM7063920	RA0717_Spleen [A0029_S119_L002]	RA0717	Spleen	Spleen	4.0	spleen	False	1.0227759902237494	0.804053837731055	0.34861869781620464	22031	1.1219653815284791	0.9235865989190197
A0030_S122_L002	S022	GSM7063921	RA0717_Kidney [A0030_S122_L002]	RA0717	Kidney	Kidney	4.0	kidney	False	0.8773163707136303	0.15330567389230212	-0.4655342802016679	19440	0.7061774315452329	1.0484553098820277
A0034_S87_L002	S023	GSM7063922	RA0717_Brain-Gr [A0034_S87_L002]	RA0717	Brain-Gr	Brain:Brain-Gr	4.0	brain	False	-0.3469794742362606	-1.0699604430228145	-1.3138702810523226	24761	-0.15240096125572	-0.5415579872168012
A0036_S182_L002	S024	GSM7063923	RA0717_LN-AX-R [A0036_S182_L002]	RA0717	LN-AX-R	Lymph node:LN-AX-R	4.0	lymph node	False	0.005689338446615816	0.20536900611663014	-0.03820829036343454	22836	-0.29382352200088263	0.30520219889411426
A0037_S181_L002	S025	GSM7063924	RA0717_LN-ING-L [A0037_S181_L002]	RA0717	LN-ING-L	Lymph node:LN-ING-L	4.0	lymph node	False	-0.02677979454536837	-0.08510268216112599	-0.055212833069337226	23504	-0.04300093500484045	-0.010558654085896289
A0038_S180_L002	S026	GSM7063925	RA0717_LN-MES [A0038_S180_L002]	RA0717	LN-MES	Lymph node:LN-MES	4.0	lymph node	False	0.4491146547222734	0.3446643924651248	-0.4368728667603757	21819	0.44114067917381883	0.45708863027072794
A0040_S13_L001	S027	GSM7063926	RA0717_Sex-Organ [A0040_S13_L001]	RA0717	Sex-Organ	Sex Organ:Sex-Organ	4.0	sex organ	False	0.16358748670604417	0.029530810350404686	-0.3678001342536077	20443	0.18526902824337016	0.14190594516871816
A0043_S118_L002	S028	GSM7063927	RA0700_Spleen [A0043_S118_L002]	RA0700	Spleen	Spleen	7.0	spleen	False	0.34621319774854475	0.41394187523960135	0.4287827347842072	17529	0.6485123387623052	0.0439140567347843
A0044_S121_L002	S029	GSM7063928	RA0700_Kidney [A0044_S121_L002]	RA0700	Kidney	Kidney	7.0	kidney	False	0.8837388036198922	0.4246051816520166	-0.6420346480165118	16304	1.05460236993775	0.7128752373020344
A0046	S030	GSM7063929	A0046 [A0046]	A0046 [A0046]	Adrenal Gland	Adrenal Gland	7.0	adrenal gland	False	0.4580562283970332	0.37620142811857904	-0.4091746580440869	19044	0.27766316246632927	0.6384492943277371
A0048_S86_L002	S031	GSM7063930	RA0700_Brain-Gr [A0048_S86_L002]	RA0700	Brain-Gr	Brain:Brain-Gr	7.0	brain	False	0.1654678074616971	-0.5219540171850379	-1.1186264875855385	23724	0.15964123113647263	0.17129438378692152
A0049_S12_L001	S032	GSM7063931	RA0700_Ovary [A0049_S12_L001]	RA0700	Ovary	Sex Organ:Ovary	7.0	ovary	False	0.8483599666573128	0.653174892080177	-0.41444711043737864	25763	0.768786772740197	0.9279331605744287
A0050_S179_L002	S033	GSM7063932	RA0700_LN-AX-R [A0050_S179_L002]	RA0700	LN-AX-R	Lymph node:LN-AX-R	7.0	lymph node	False	0.4888129132939955	0.4345632962992879	0.12831507097783926	21979	0.5964285578315506	0.38119726875644044
A0051_S178_L002	S034	GSM7063933	RA0700_LN-ING-L [A0051_S178_L002]	RA0700	LN-ING-L	Lymph node:LN-ING-L	7.0	lymph node	False	0.3729710621722967	0.3648751448988976	0.004146970049943133	21923	0.5136127031913359	0.23232942115325755
A0052_S177_L002	S035	GSM7063934	RA0700_LN-MES [A0052_S177_L002]	RA0700	LN-MES	Lymph node:LN-MES	7.0	lymph node	False	0.4828955509243623	0.40930009636561393	0.07318823553766783	22211	0.6426404944317989	0.32315060741692564
A0055_S46_L001	S036	GSM7063935	RA0700_Skin-Rash [A0055_S46_L001]	RA0700	Skin-Rash	Skin:Rash	7.0	skin	False	0.9939038709924961	0.6380221638553563	-0.3040789616201117	17894	1.3380904036000805	0.6497173383849116
A0056_S45_L001	S037	GSM7063936	RA0700_Skin-Non-Rash [A0056_S45_L001]	RA0700	Skin-Non-Rash	Skin:Non-Rash	7.0	skin	False	0.905076647395012	0.41367195765995857	-0.16435538782553707	16499	1.337740955873515	0.47241233891650924
A0057_S117_L002	S038	GSM7063937	RA0223_Spleen [A0057_S117_L002]	RA0223	Spleen	Spleen	3.0	spleen	False	0.660728744730525	0.4629919623985938	-0.1507805892532576	22161	0.6888750566617639	0.6325824327992863
A0058_S120_L002	S039	GSM7063938	RA0223_Kidney [A0058_S120_L002]	RA0223	Kidney	Kidney	3.0	kidney	False	0.6340239255101882	0.3211203982418717	-0.47102725218835073	22594	0.5290092031781698	0.7390386478422065
A0062_S84_L002	S040	GSM7063939	RA0223_Brain-Gr [A0062_S84_L002]	RA0223	Brain-Gr	Brain:Brain-Gr	3.0	brain	False	-0.7004165452006701	-1.3255403732415463	-1.4314173968768567	23233	-0.5814384383472748	-0.8193946520540653
A0063_S9_L001	S041	GSM7063940	RA0223_Ovary [A0063_S9_L001]	RA0223	Ovary	Sex Organ:Testis	3.0	ovary	False	-0.09836681567652655	-0.5993180347635632	-1.0964059836242404	29190	-0.08769223793665855	-0.10904139341639456
A0064_S176_L002	S042	GSM7063941	RA0223_LN-AX-R [A0064_S176_L002]	RA0223	LN-AX-R	Lymph node:LN-AX-R	3.0	lymph node	False	0.2142460057829102	0.1333980142351657	-0.05737206700082511	23164	0.15973402570456008	0.2687579858612603
A0065_S175_L002	S043	GSM7063942	RA0223_LN-ING-L [A0065_S175_L002]	RA0223	LN-ING-L	Lymph node:LN-ING-L	3.0	lymph node	False	0.17609761523195694	0.06745667743583607	-0.03251633046403505	22764	0.15448835093536126	0.1977068795285526
A0066_S174_L002	S044	GSM7063943	RA0223_LN-MES [A0066_S174_L002]	RA0223	LN-MES	Lymph node:LN-MES	3.0	lymph node	False	0.3498561297190098	0.1806054090181357	-0.8051866888631274	20867	0.22484124126454202	0.47487101817347765
A0069_S44_L001	S045	GSM7063944	RA0223_Skin-Rash [A0069_S44_L001]	RA0223	Skin-Rash	Skin:Rash	3.0	skin	False	0.042967062720862516	-0.5230579484099903	-1.1713687106264112	16331	0.17736252692379126	-0.09142840148206623
A0070_S43_L001	S046	GSM7063945	RA0223_Skin-Non-Rash [A0070_S43_L001]	RA0223	Skin-Non-Rash	Skin:Non-Rash	3.0	skin	False	-0.05013586471110775	-0.5593830824208837	-1.0258989158845495	17772	0.030571749374582277	-0.13084347879679778
A0071_S116_L002	S047	GSM7063946	RA1779_Spleen [A0071_S116_L002]	RA1779	Spleen	Spleen	8.0	spleen	False	0.11326437544239427	0.2455358899572978	0.14021209965863193	22454	0.16547107476935424	0.061057676115434306
A0072_S119_L002	S048	GSM7063947	RA1779_Kidney [A0072_S119_L002]	RA1779	Kidney	Kidney	8.0	kidney	False	0.7785372138622515	0.5700430883302459	-0.20418309982433183	21020	0.7214071729574234	0.8356672547670797
A0074_S61_L001	S049	GSM7063948	RA1779_Adrenal [A0074_S61_L001]	RA1779	Adrenal	Adrenal Gland	8.0	adrenal gland	False	0.9671057070022427	0.4507001559214441	-0.316932293531678	21855	1.2328489848241198	0.7013624291803657
A0076_S83_L002	S050	GSM7063949	RA1779_Brain-Gr [A0076_S83_L002]	RA1779	Brain-Gr	Brain:Brain-Gr	8.0	brain	False	-0.12868303261191488	-0.5713580788628619	-1.1088587331220818	23759	-0.2166552535721407	-0.04071081165168908
A0077_S8_L001	S051	GSM7063950	RA1779_Ovary [A0077_S8_L001]	RA1779	Ovary	Sex Organ:Testis	8.0	ovary	False	0.398085761785537	0.29095070956811153	-0.6310821906764196	28716	0.7826505204670867	0.013521003103987343
A0078_S173_L002	S052	GSM7063951	RA1779_LN-AX-R [A0078_S173_L002]	RA1779	LN-AX-R	Lymph node:LN-AX-R	8.0	lymph node	False	0.1549322820365546	0.19897431603520327	0.06534173376973836	22075	0.32173924212902916	-0.011874678055919966
A0079_S172_L002	S053	GSM7063952	RA1779_LN-ING-L [A0079_S172_L002]	RA1779	LN-ING-L	Lymph node:LN-ING-L	8.0	lymph node	False	0.0786178033315346	0.1599454107610991	0.03283970851314907	20697	0.1764114085608872	-0.01917580189781797
A0080_S171_L002	S054	GSM7063953	RA1779_LN-MES [A0080_S171_L002]	RA1779	LN-MES	Lymph node:LN-MES	8.0	lymph node	False	-0.09078926075794455	-0.06499784439521458	-0.20656447008801518	20611	0.05877161250732388	-0.24035013402321298
A0083_S42_L001	S055	GSM7063954	RA1779_Skin-Rash [A0083_S42_L001]	RA1779	Skin-Rash	Skin:Rash	8.0	skin	False	0.5473398377456592	0.12142397834472039	-0.505072199141927	20009	0.899132870944801	0.19554680454651732
A0084_S41_L001	S056	GSM7063955	RA1779_Skin-Non-Rash [A0084_S41_L001]	RA1779	Skin-Non-Rash	Skin:Non-Rash	8.0	skin	False	0.6830852851134801	0.21051680429096972	-0.6444860775232332	19078	1.0820624808725132	0.28410808935444704
A0085_S115_L002	S057	GSM7063956	RA1834_Spleen [A0085_S115_L002]	RA1834	Spleen	Spleen	3.0	spleen	False	0.17821299027692053	0.16053897911290171	-0.1824579572070967	22930	0.1279346165357971	0.22849136401804396
A0086_S60_L001	S058	GSM7063957	RA1834_Kidney [A0086_S60_L001]	RA1834	Kidney	Kidney	3.0	kidney	False	0.25612661067518394	0.17231833237439506	-0.12212849600699464	19419	0.17119680315147937	0.34105641819888854
A0088	S059	GSM7063958	A0088 [A0088]	A0088 [A0088]	Adrenal Gland	Adrenal Gland	3.0	adrenal gland	False	-0.28527878446041743	-0.029338763668389795	-0.4189557382751536	14158	-0.5547711324614251	-0.015786436459409747
A0090_S82_L002	S060	GSM7063959	RA1834_Brain-Gr [A0090_S82_L002]	RA1834	Brain-Gr	Brain:Brain-Gr	3.0	brain	False	-0.9423351493701182	-1.3449237802128085	-0.9761754482273836	23465	-0.7214637758195402	-1.1632065229206963
A0091_S7_L001	S061	GSM7063960	RA1834_Testis [A0091_S7_L001]	RA1834	Testis	Sex Organ:Ovary	3.0	testis	False	0.23705173483846867	-0.12122009761107116	-0.726695605091121	23307	0.21026921507539093	0.2638342546015464
A0092_S170_L002	S062	GSM7063961	RA1834_LN-AX-R [A0092_S170_L002]	RA1834	LN-AX-R	Lymph node:LN-AX-R	3.0	lymph node	False	-0.4878075013580324	-0.27747811703697695	0.072957532069805	22369	-0.5155132648691396	-0.46010173784692515
A0093_S169_L002	S063	GSM7063962	RA1834_LN-ING-L [A0093_S169_L002]	RA1834	LN-ING-L	Lymph node:LN-ING-L	3.0	lymph node	False	-0.36960386073547696	-0.2555475944057835	0.09998992083036069	22697	-0.38371709181956126	-0.35549062965139266
A0094_S168_L002	S064	GSM7063963	RA1834_LN-MES [A0094_S168_L002]	RA1834	LN-MES	Lymph node:LN-MES	3.0	lymph node	False	-1.0968417153012202	-0.6986790251226827	-0.01361041298315487	22432	-1.1252104391135482	-1.0684729914888922
A0095	S065	GSM7063964	RA1834_LNG-CD-R [A0095]	RA1834	LNG-CD-R	Lung	3.0		False	0.10559301139043878	0.13431000671937	0.6144329150836283	14408	-0.13660540977686464	0.3477914325577422
A0096_S62_L001	S066	GSM7063965	RA1834_Sex-Organ [A0096_S62_L001]	RA1834	Sex-Organ	Sex Organ:Sex-Organ	3.0	sex organ	False	0.12768367306855183	-0.4586306326405791	-0.7726466667734381	10093	0.11960773816071989	0.13575960797638378
A0097_S40_L001	S067	GSM7063966	RA1834_Skin-Rash [A0097_S40_L001]	RA1834	Skin-Rash	Skin:Rash	3.0	skin	False	-0.3907495570811542	-0.6468357171723982	-0.8006925636798167	19186	-0.3653333556144033	-0.41616575854790516
A0098_S39_L001	S068	GSM7063967	RA1834_Skin-Non-Rash [A0098_S39_L001]	RA1834	Skin-Non-Rash	Skin:Non-Rash	3.0	skin	False	-0.4070526709260902	-0.6563751112941574	-1.119642546385534	17501	-0.35479399695259445	-0.4593113448995859
A0099_S114_L002	S069	GSM7063968	RA0449_Spleen [A0099_S114_L002]	RA0449	Spleen	Spleen	3.0	spleen	False	0.19680349227109872	0.19068057504544045	0.12701789105834974	23878	0.1951316386397078	0.19847534590248964
A0100_S114_L002	S070	GSM7063969	RA0449_Kidney [A0100_S114_L002]	RA0449	Kidney	Kidney	3.0	kidney	False	0.18353557382384425	-0.41773135800879196	-0.9054062537969226	16904	0.29013310958351296	0.07693803806417554
A0101	S071	GSM7063970	A0101 [A0101]	A0101 [A0101]	Liver	Liver	3.0	liver	False	1.0285155649439985	0.3056984246454124	0.4806807058316724	16386	1.0897999900959943	0.9672311397920027
A0103	S072	GSM7063971	RA0449_Brain-Wh [A0103]	RA0449	Brain-Wh	Brain:Brain-Wh	3.0	brain	False	-0.3400629738054709	-0.9138000217357247	-1.4204808799337993	26195	-0.29486103393020724	-0.38526491368073457
A0104_S29_L001	S073	GSM7063972	RA0449_Brain-Gr [A0104_S29_L001]	RA0449	Brain-Gr	Brain:Brain-Gr	3.0	brain	False	-0.5090937483746468	-1.0241264834553392	-1.5383006474282876	26266	-0.299443584887959	-0.7187439118613347
A0105_S6_L001	S074	GSM7063973	RA0449_Ovary [A0105_S6_L001]	RA0449	Ovary	Sex Organ:Ovary	3.0	ovary	False	0.4947448489387741	0.23109040724200722	-0.8116499679879358	24510	0.3853891770811356	0.6041005207964125
A0106_S167_L002	S075	GSM7063974	RA0449_LN-AX-R [A0106_S167_L002]	RA0449	LN-AX-R	Lymph node:LN-AX-R	3.0	lymph node	False	0.11351017012963774	0.03445755759232197	-0.08396947110364911	22373	0.11207178069422188	0.11494855956505358
A0107_S166_L002	S076	GSM7063975	RA0449_LN-ING-L [A0107_S166_L002]	RA0449	LN-ING-L	Lymph node:LN-ING-L	3.0	lymph node	False	-0.1188463614879689	-0.11398065095501922	-0.27743116957197705	22698	-0.11055352323242226	-0.12713919974351554
A0108_S165_L002	S077	GSM7063976	RA0449_LN-MES [A0108_S165_L002]	RA0449	LN-MES	Lymph node:LN-MES	3.0	lymph node	False	-0.5320990632748945	-0.41273315677668243	-0.09194683411604276	22213	-0.6591600309152311	-0.405038095634558
A0111_S38_L001	S078	GSM7063977	RA0449_Skin-Rash [A0111_S38_L001]	RA0449	Skin-Rash	Skin:Rash	3.0	skin	False	-0.1294162750543897	-0.5285427364184174	-1.019256109237613	19383	0.029311421269330735	-0.28814397137811015
A0112_S37_L001	S079	GSM7063978	RA0449_Skin-Non-Rash [A0112_S37_L001]	RA0449	Skin-Non-Rash	Skin:Non-Rash	3.0	skin	False	-0.3200878072785912	-0.7372557984714999	-0.7714172852933978	18757	-0.15304843703466803	-0.48712717752251433
A0113_S113_L002	S080	GSM7063979	RA0552_Spleen [A0113_S113_L002]	RA0552	Spleen	Spleen	5.0	spleen	False	0.7112183042388476	0.5640789545681973	0.06026756353750654	23325	0.7975778273534537	0.6248587811242415
A0114_S112_L002	S081	GSM7063980	RA0552_Kidney [A0114_S112_L002]	RA0552	Kidney	Kidney	5.0	kidney	False	0.9214071645904818	0.14833266047510282	-0.9792261382414748	14713	0.8548749224451909	0.9879394067357726
A0115	S082	GSM7063981	A0115 [A0115]	A0115 [A0115]	Liver	Liver	5.0	liver	False	0.8628048195235514	0.31001257454191566	0.19809900315382567	15789	0.8819673836053745	0.8436422554417283
A0117_S115_L002	S083	GSM7063982	RA0552_Brain-Wh [A0117_S115_L002]	RA0552	Brain-Wh	Brain:Brain-Wh	5.0	brain	False	0.36768895797611834	-0.37195050419553416	-1.083490460413788	16580	0.3958598265821079	0.3395180893701288
A0118_S28_L001	S084	GSM7063983	RA0552_Brain-Gr [A0118_S28_L001]	RA0552	Brain-Gr	Brain:Brain-Gr	5.0	brain	False	0.15161741594461567	-0.6905064924753247	-1.3246905422719257	25419	0.2007092329118838	0.10252559897734752
A0119_S5_L001	S085	GSM7063984	RA0552_Ovary [A0119_S5_L001]	RA0552	Ovary	Sex Organ:Ovary	5.0	ovary	False	0.626687064122448	0.43179435260583854	-0.4014376394779222	24932	0.5768878763724582	0.6764862518724379
A0120_S164_L002	S086	GSM7063985	RA0552_LN-AX-R [A0120_S164_L002]	RA0552	LN-AX-R	Lymph node:LN-AX-R	5.0	lymph node	False	0.23565788313907512	0.26071838328128777	-0.04296386995352486	23446	0.12563473779493367	0.3456810284832166
A0121_S163_L002	S087	GSM7063986	RA0552_LN-ING-L [A0121_S163_L002]	RA0552	LN-ING-L	Lymph node:LN-ING-L	5.0	lymph node	False	0.3437654243303576	0.1912161900920863	-0.16499295528960128	22898	0.3769917029926469	0.3105391456680683
A0122_S162_L002	S088	GSM7063987	RA0552_LN-MES [A0122_S162_L002]	RA0552	LN-MES	Lymph node:LN-MES	5.0	lymph node	False	0.15153530332661452	0.15116111536614785	-0.25550573805732096	22521	0.07976645221786358	0.22330415443536547
A0123_L2	S089	GSM7063988	A0123_L2 [A0123_L2]	A0123	L2	Lung	5.0		False	0.7529254890152083	0.3424551742675853	0.12190860207302778	13896	0.6466668112609136	0.8591841667695029
A0125_S36_L001	S090	GSM7063989	RA0552_Skin-Rash [A0125_S36_L001]	RA0552	Skin-Rash	Skin:Rash	5.0	skin	False	0.18795342474529655	-0.42222850217540253	-1.145620369211078	19001	0.3307072547833326	0.04519959470726046
A0126_S35_L001	S091	GSM7063990	RA0552_Skin-Non-Rash [A0126_S35_L001]	RA0552	Skin-Non-Rash	Skin:Non-Rash	5.0	skin	False	0.09028111735516525	-0.4292296788439754	-0.6928553538478273	20464	0.19494810560109768	-0.014385870890767176
A0127_S112_L002	S092	GSM7063991	RA0452_Spleen [A0127_S112_L002]	RA0452	Spleen	Spleen	5.0	spleen	False	0.6822556996241398	0.6348398577671213	0.22742091969048547	22133	0.7535355537329117	0.6109758455153678
A0128_S55_L001	S093	GSM7063992	RA0452_Kidney [A0128_S55_L001]	RA0452	Kidney	Kidney	5.0	kidney	False	1.1025369120650776	0.8909175761347016	-0.4004231254974578	17766	1.0207600244405086	1.1843137996896467
A0129	S094	GSM7063993	A0129 [A0129]	A0129 [A0129]	Liver	Liver	5.0	liver	False	1.3806238468135936	0.8470161356753841	0.5621650887397734	16207	1.5881538703228117	1.1730938233043755
A0131_S58_L001	S095	GSM7063994	RA0452_Brain-Wh [A0131_S58_L001]	RA0452	Brain-Wh	Brain:Brain-Wh	5.0	brain	False	0.12451108047913984	-0.6532294185024837	-1.2946386800964353	23742	0.15572355806865923	0.09329860288962043
A0132_S81_L002	S096	GSM7063995	RA0452_Brain-Gr [A0132_S81_L002]	RA0452	Brain-Gr	Brain:Brain-Gr	5.0	brain	False	-0.10880716771751989	-0.686768101312734	-1.3102409614142452	25144	-0.11038465325683215	-0.10722968217820762
A0133_S4_L001	S097	GSM7063996	RA0452_Ovary [A0133_S4_L001]	RA0452	Ovary	Sex Organ:Ovary	5.0	ovary	False	0.776844350091719	0.514056675301196	-0.659714102990923	23406	0.73846605788421	0.8152226422992279
A0134_S161_L002	S098	GSM7063997	RA0452_LN-AX-R [A0134_S161_L002]	RA0452	LN-AX-R	Lymph node:LN-AX-R	5.0	lymph node	False	0.652424333267621	0.6292138863792623	0.11077830443058924	22332	0.6051819446576171	0.6996667218776248
A0135_S160_L002	S099	GSM7063998	RA0452_LN-ING-L [A0135_S160_L002]	RA0452	LN-ING-L	Lymph node:LN-ING-L	5.0	lymph node	False	0.6884039898742678	0.6107307094778245	0.1536451956240361	23366	0.7422350548050579	0.6345729249434775
A0136_S159_L002	S100	GSM7063999	RA0452_LN-MES [A0136_S159_L002]	RA0452	LN-MES	Lymph node:LN-MES	5.0	lymph node	False	0.4711697896542912	0.4614439780356605	-0.009005308189821945	22137	0.49446423702503933	0.44787534228354303
A0137	S101	GSM7064000	A0137 [A0137]	A0137 [A0137]	Lung	Lung	5.0	lung	False	1.1463437485806307	0.8417793550263123	-0.3703263331360079	16007	1.2510227328879693	1.0416647642732921
A0139_S34_L001	S102	GSM7064001	RA0452_Skin-Rash [A0139_S34_L001]	RA0452	Skin-Rash	Skin:Rash	5.0	skin	False	0.3506208815298452	-0.05989535436889502	-0.6575174247510285	18568	0.5572337575563879	0.1440080055033025
A0140_S33_L001	S103	GSM7064002	RA0452_Skin-Non-Rash [A0140_S33_L001]	RA0452	Skin-Non-Rash	Skin:Non-Rash	5.0	skin	False	0.38946759475512954	-0.125347211759492	-1.1234545918029255	17445	0.6071973699183683	0.17173781959189083
A0141_S111_L002	S104	GSM7064003	RA1790_Spleen [A0141_S111_L002]	RA1790	Spleen	Spleen	7.0	spleen	False	0.23076950257776613	0.16023540340308934	0.048794057044101	22392	0.2643885557332964	0.19715044942223586
A0142_S105_L002	S105	GSM7064004	RA1790_Kidney [A0142_S105_L002]	RA1790	Kidney	Kidney	7.0	kidney	False	1.2506971180227722	0.46920636987178016	-0.8539090265105177	15170	1.1925762584798882	1.3088179775656559
A0144	S106	GSM7064005	RA1790_Adrenal [A0144]	RA1790	Adrenal	Adrenal Gland	7.0	adrenal gland	False	1.0880902737886582	1.2215917206116726	0.781227221787446	7947	0.5452641715817779	1.6309163759955385
A0145	S107	GSM7064006	RA1790_Brain-Wh [A0145]	RA1790	Brain-Wh	Brain:Brain-Wh	7.0	brain	False	0.5584315339120158	-0.11651600874701973	-1.3937792539316618	20427	0.4486395550159278	0.668223512808104
A0146_S80_L002	S108	GSM7064007	RA1790_Brain-Gr [A0146_S80_L002]	RA1790	Brain-Gr	Brain:Brain-Gr	7.0	brain	False	0.2805443538285878	-0.44869026747719043	-1.011622057190403	24229	0.1767478108861168	0.38434089677105876
A0147_S3_L001	S109	GSM7064008	RA1790_Ovary [A0147_S3_L001]	RA1790	Ovary	Sex Organ:Ovary	7.0	ovary	False	0.7146511560005666	0.3292370431130752	-0.5813104591896293	24314	0.5260199689366594	0.903282343064474
A0148_S158_L002	S110	GSM7064009	RA1790_LN-AX-R [A0148_S158_L002]	RA1790	LN-AX-R	Lymph node:LN-AX-R	7.0	lymph node	False	0.3878210889804097	0.3246895945987852	0.02969630988436674	21951	0.40346348107273294	0.3721786968880864
A0149_S157_L002	S111	GSM7064010	RA1790_LN-ING-L [A0149_S157_L002]	RA1790	LN-ING-L	Lymph node:LN-ING-L	7.0	lymph node	False	0.5059171586897253	0.38672826946999417	-0.03653315105140296	22256	0.579467514656038	0.4323668027234126
A0150_S156_L002	S112	GSM7064011	RA1790_LN-MES [A0150_S156_L002]	RA1790	LN-MES	Lymph node:LN-MES	7.0	lymph node	False	0.312689550311109	0.3411476989714608	-0.08591731062097874	21357	0.24378796871447825	0.3815911319077398
A0153_S32_L001	S113	GSM7064012	RA1790_Skin-Rash [A0153_S32_L001]	RA1790	Skin-Rash	Skin:Rash	7.0	skin	False	0.6365916431761347	0.3271109818085144	-0.554801501418899	14785	0.8126607700237337	0.4605225163285357
A0154_S31_L001	S114	GSM7064013	RA1790_Skin-Non-Rash [A0154_S31_L001]	RA1790	Skin-Non-Rash	Skin:Non-Rash	7.0	skin	False	0.8240176102888799	0.1880049753624706	-0.846325375120737	17873	1.067711899185604	0.5803233213921557
A0156_S101_L002	S115	GSM7064014	RA1818_Kidney [A0156_S101_L002]	RA1818	Kidney	Kidney	6.0	kidney	False	0.9929020254766111	0.6052941058440496	-0.4793212532012645	21834	1.0101796274823844	0.9756244234708378
A0157_S56_L001	S116	GSM7064015	RA1818_Liver-L [A0157_S56_L001]	RA1818	Liver-L	Liver	6.0	liver	False	1.2851969500135099	0.7212785167760559	0.7303427959224011	16347	1.5686174345357082	1.0017764654913115
A0160_S79_L002	S117	GSM7064016	RA1818_Brain-Gr [A0160_S79_L002]	RA1818	Brain-Gr	Brain:Brain-Gr	6.0	brain	False	0.5111079147915032	-0.16165331453273707	-1.288479648364197	25122	0.55816803357035	0.46404779601265644
A0161_S2_L001	S118	GSM7064017	RA1818_Ovary [A0161_S2_L001]	RA1818	Ovary	Sex Organ:Ovary	6.0	ovary	False	1.0301261595298468	0.6777869230762108	-0.5381007424330355	22207	1.0643361396649231	0.9959161793947702
A0162_S155_L002	S119	GSM7064018	RA1818_LN-AX-R [A0162_S155_L002]	RA1818	LN-AX-R	Lymph node:LN-AX-R	6.0	lymph node	False	0.764997372816898	0.5935706347871322	0.25857104854326274	22558	0.8586643277439093	0.6713304178898867
A0163_S154_L002	S120	GSM7064019	RA1818_LN-ING-L [A0163_S154_L002]	RA1818	LN-ING-L	Lymph node:LN-ING-L	6.0	lymph node	False	0.8367463830456036	0.633904106968072	0.2607733515846318	21750	0.9670526817336093	0.7064400843575979
A0164_S153_L002	S121	GSM7064020	RA1818_LN-MES [A0164_S153_L002]	RA1818	LN-MES	Lymph node:LN-MES	6.0	lymph node	False	0.70409194308329	0.4365684330772486	0.2368097816048443	19564	0.8697305261327382	0.5384533600338419
A0166_S117_L002	S122	GSM7064021	RA1818_Sex-Organ [A0166_S117_L002]	RA1818	Sex-Organ	Sex Organ:Sex-Organ	6.0	sex organ	False	1.3459994342419437	0.8628736587148202	0.36584532800502884	10519	1.4451219879495338	1.2468768805343537
A0169_S109_L002	S123	GSM7064022	RA1849_Spleen [A0169_S109_L002]	RA1849	Spleen	Spleen	4.0	spleen	False	0.9785867896115755	0.7447124014547678	0.16625302394836072	21957	1.1052949341428318	0.8518786450803193
A0171	S124	GSM7064023	A0171 [A0171]	A0171 [A0171]	Liver	Liver	4.0	liver	False	0.8800396979959498	0.4345424650469488	0.3980562132101691	14592	0.7865523346964504	0.9735270612954493
A0172	S125	GSM7064024	RA1849_Adrenal [A0172]	RA1849	Adrenal	Adrenal Gland	4.0	adrenal gland	False	0.22754630112282492	0.17976923901263187	-0.446317175100951	20368	-0.035106851542054326	0.4901994537877042
A0173_S111_L002	S126	GSM7064025	RA1849_Brain-Wh [A0173_S111_L002]	RA1849	Brain-Wh	Brain:Brain-Wh	4.0	brain	False	-0.10551054827415138	-0.8979243523017675	-1.4129672180856125	22175	-0.09285011757179003	-0.11817097897651274
A0174_S78_L002	S127	GSM7064026	RA1849_Brain-Gr [A0174_S78_L002]	RA1849	Brain-Gr	Brain:Brain-Gr	4.0	brain	False	-0.24581480157975982	-0.8833320279262926	-1.4271258379030225	26516	-0.2408473208059227	-0.25078228235359695
A0175_S1_L001	S128	GSM7064027	RA1849_Ovary [A0175_S1_L001]	RA1849	Ovary	Sex Organ:Testis	4.0	ovary	False	-0.5230615304421067	-0.9301774034559189	-0.9650098639169151	27506	-0.46893417243970326	-0.57718888844451
A0176_S152_L002	S129	GSM7064028	RA1849_LN-AX-R [A0176_S152_L002]	RA1849	LN-AX-R	Lymph node:LN-AX-R	4.0	lymph node	False	0.08102927188997941	0.008853640422321412	0.10988681670686946	22628	0.020469983566440544	0.14158856021351826
A0177_S151_L002	S130	GSM7064029	RA1849_LN-ING-L [A0177_S151_L002]	RA1849	LN-ING-L	Lymph node:LN-ING-L	4.0	lymph node	False	-0.27210897223514685	-0.013397523260187264	0.05796339669621967	22455	-0.66152458393771	0.11730663946741632
A0178_S150_L002	S131	GSM7064030	RA1849_LN-MES [A0178_S150_L002]	RA1849	LN-MES	Lymph node:LN-MES	4.0	lymph node	False	-0.05296510159392924	0.03234797285302379	0.037790969274144715	22214	-0.3136161955856949	0.20768599239783644
A0179	S132	GSM7064031	A0179 [A0179]	A0179 [A0179]	Lung	Lung	4.0	lung	False	0.6466566565299356	0.09741572048528155	-0.38082983007145055	14468	0.5927775872646256	0.7005357257952456
A0180_S116_L002	S133	GSM7064032	RA1849_Sex-Organ [A0180_S116_L002]	RA1849	Sex-Organ	Sex Organ:Sex-Organ	4.0	sex organ	False	0.38359453016416767	0.0694864845384363	-0.7884046295230092	14907	0.32500295107560967	0.4421861092527256
A0183_S108_L002	S134	GSM7064033	RA0917_Spleen [A0183_S108_L002]	RA0917	Spleen	Spleen	6.0	spleen	False	0.6456903614588045	0.5188898436008574	0.389661988025601	18278	0.8468997131981129	0.4444810097194963
A0184_S99_L002	S135	GSM7064034	RA0917_Kidney [A0184_S99_L002]	RA0917	Kidney	Kidney	6.0	kidney	False	1.09527694083584	0.4768072651800739	-0.24526572786498488	15461	1.037675294730678	1.1528785869410019
A0185_S54_L001	S136	GSM7064035	RA0917_Liver-L [A0185_S54_L001]	RA0917	Liver-L	Liver	6.0	liver	False	0.9452578329752734	0.3549677655882555	0.22139188892404352	11482	1.0307599288153462	0.8597557371352007
A0188_S77_L002	S137	GSM7064036	RA0917_Brain-Gr [A0188_S77_L002]	RA0917	Brain-Gr	Brain:Brain-Gr	6.0	brain	False	0.22553685206159876	-0.5210180635990671	-1.168115313988399	22481	0.19829836703001696	0.25277533709318056
A0189_S59_L001	S138	GSM7064037	RA0917_Ovary [A0189_S59_L001]	RA0917	Ovary	Sex Organ:Testis	6.0	ovary	False	0.0984688835062098	-0.1238103377958554	-0.6234525348381902	30128	0.41156510938809315	-0.21462734237567355
A0190_S149_L002	S139	GSM7064038	RA0917_LN-AX-R [A0190_S149_L002]	RA0917	LN-AX-R	Lymph node:LN-AX-R	6.0	lymph node	False	0.8167584027527899	0.655117523585024	-0.05541587410388127	19110	0.9036203131094395	0.7298964923961402
A0191_S148_L002	S140	GSM7064039	RA0917_LN-ING-L [A0191_S148_L002]	RA0917	LN-ING-L	Lymph node:LN-ING-L	6.0	lymph node	False	0.7144058539921002	0.4679936008396094	0.4414464448653039	15940	0.8818866448697681	0.5469250631144323
A0192_S147_L002	S141	GSM7064040	RA0917_LN-MES [A0192_S147_L002]	RA0917	LN-MES	Lymph node:LN-MES	6.0	lymph node	False	0.4358925257695873	0.3304277748888152	0.33792157409588514	18659	0.6537136144572439	0.2180714370819308
A0197_S107_L002	S142	GSM7064041	RA1423_Spleen [A0197_S107_L002]	RA1423	Spleen	Spleen	8.0	spleen	False	0.20474678978478844	0.3637341551007268	0.21625863214612517	14448	0.41284336154047446	-0.0033497819708975802
A0198_S98_L002	S143	GSM7064042	RA1423_Kidney [A0198_S98_L002]	RA1423	Kidney	Kidney	8.0	kidney	False	0.9542780963931392	0.37232072687134166	-0.16814245267768793	15754	1.1491346153311928	0.7594215774550858
A0199_S53_L001	S144	GSM7064043	RA1423_Liver-L [A0199_S53_L001]	RA1423	Liver-L	Liver	8.0	liver	False	0.5099770440390137	-0.09908666243422919	0.09280025237600616	8875	0.9915880204789334	0.028366067599094064
A0201_S109_L002	S145	GSM7064044	RA1423_Brain-Wh [A0201_S109_L002]	RA1423	Brain-Wh	Brain:Brain-Wh	8.0	brain	False	0.566901772965138	-0.04671092729827127	-1.120859361465715	22903	0.5815619976701983	0.5522415482600775
A0202_S76_L002	S146	GSM7064045	RA1423_Brain-Gr [A0202_S76_L002]	RA1423	Brain-Gr	Brain:Brain-Gr	8.0	brain	False	0.444028993784105	-0.24138446353420567	-1.6029728083464019	22997	0.5017587798839866	0.3862992076842234
A0204_S146_L002	S147	GSM7064046	RA1423_LN-AX-R [A0204_S146_L002]	RA1423	LN-AX-R	Lymph node:LN-AX-R	8.0	lymph node	False	0.10299182255912005	0.2281128142546658	0.3603817642562166	21721	0.11074577416897399	0.09523787094926611
A0205_S145_L002	S148	GSM7064047	RA1423_LN-ING-L [A0205_S145_L002]	RA1423	LN-ING-L	Lymph node:LN-ING-L	8.0	lymph node	False	0.08136090727372372	0.08312909886772343	0.15154904457431553	21706	0.24771581080396396	-0.08499399625651653
A0206_S144_L002	S149	GSM7064048	RA1423_LN-MES [A0206_S144_L002]	RA1423	LN-MES	Lymph node:LN-MES	8.0	lymph node	False	0.30279262012422614	0.3107628882701325	0.44941962131317365	16615	0.7679148091280358	-0.16232956887958347
A0211_S106_L002	S150	GSM7064049	RA1639_Spleen [A0211_S106_L002]	RA1639	Spleen	Spleen	5.0	spleen	False	0.707188063646414	0.5718794047200247	0.22705741486345965	21642	0.8585667489893326	0.5558093783034953
A0212_S97_L002	S151	GSM7064050	RA1639_Kidney [A0212_S97_L002]	RA1639	Kidney	Kidney	5.0	kidney	False	1.4810266029110009	0.8065017487842588	-0.3635917707415511	17297	1.6611788796726739	1.3008743261493279
A0213_S52_L001	S152	GSM7064051	RA1639_Liver-L [A0213_S52_L001]	RA1639	Liver-L	Liver	5.0	liver	False	1.1756204826095287	0.5991424946124555	0.7086032633150371	11398	1.376357581568678	0.9748833836503793
A0215_S108_L002	S153	GSM7064052	RA1639_Brain-Wh [A0215_S108_L002]	RA1639	Brain-Wh	Brain:Brain-Wh	5.0	brain	False	0.2617281376601055	-0.6010710089038501	-1.2420470288392125	24601	0.2856302319513725	0.2378260433688385
A0216_S75_L002	S154	GSM7064053	RA1639_Brain-Gr [A0216_S75_L002]	RA1639	Brain-Gr	Brain:Brain-Gr	5.0	brain	False	0.2103385002531108	-0.7052436577220165	-1.1332863729882046	23845	0.27243807104864975	0.14823892945757183
A0218_S143_L002	S155	GSM7064054	RA1639_LN-AX-R [A0218_S143_L002]	RA1639	LN-AX-R	Lymph node:LN-AX-R	5.0	lymph node	False	1.1274598915526983	0.999022420822159	0.20457690030514364	22509	1.2095882060316674	1.045331577073729
A0219_S142_L002	S156	GSM7064055	RA1639_LN-ING-L [A0219_S142_L002]	RA1639	LN-ING-L	Lymph node:LN-ING-L	5.0	lymph node	False	1.1026010810765658	0.9118719646299662	0.17324956666159305	23262	1.250495798585909	0.9547063635672226
A0220_S141_L002	S157	GSM7064056	RA1639_LN-MES [A0220_S141_L002]	RA1639	LN-MES	Lymph node:LN-MES	5.0	lymph node	False	1.0412661365812845	0.8477880374119161	-0.4133243927438229	18653	1.2310101002503357	0.8515221729122334
A0221_A	S158	GSM7064057	A0221_A [A0221_A]	A0221	A	Lung	5.0		False	1.293628813931539	0.5420289672493329	-0.25775380853971336	10677	1.3329698937643535	1.2542877340987248
A0224_S27_L001	S159	GSM7064058	RA1639_Skin-Non-Rash [A0224_S27_L001]	RA1639	Skin-Non-Rash	Skin:Non-Rash	5.0	skin	False	0.75482756069107	0.19320396203308987	-1.0314406362726858	17571	0.9688580377189278	0.5407970836632123
A0225_S24_L001	S160	GSM7064059	RA1325_Spleen [A0225_S24_L001]	RA1325	Spleen	Spleen	6.0	spleen	False	0.7957877511895384	0.6033304911633562	0.29005841083748996	22530	0.8941457779758688	0.6974297244032078
A0226_S96_L002	S161	GSM7064060	RA1325_Kidney [A0226_S96_L002]	RA1325	Kidney	Kidney	6.0	kidney	False	1.334588159496945	0.41677833632170797	-0.6388567808465792	19021	1.3682782869587091	1.3008980320351808
A0227_S51_L001	S162	GSM7064061	RA1325_Liver-L [A0227_S51_L001]	RA1325	Liver-L	Liver	6.0	liver	False	1.2508838681026289	0.6499316078734632	0.4238108148271879	17927	1.4693316257754478	1.03243611042981
A0229_S107_L002	S163	GSM7064062	RA1325_Brain-Wh [A0229_S107_L002]	RA1325	Brain-Wh	Brain:Brain-Wh	6.0	brain	False	0.7128587354719296	-0.15617573805551735	-1.1023633440081246	24598	0.6522184895946406	0.7734989813492186
A0230_S74_L002	S164	GSM7064063	RA1325_Brain-Gr [A0230_S74_L002]	RA1325	Brain-Gr	Brain:Brain-Gr	6.0	brain	False	0.5096523868981281	-0.31869338300642897	-1.0458572594414368	24290	0.4893250680120283	0.5299797057842278
A0232_S138_L002	S165	GSM7064064	RA1325_LN-AX-R [A0232_S138_L002]	RA1325	LN-AX-R	Lymph node:LN-AX-R	6.0	lymph node	False	0.7754693608495201	0.6345377216918751	0.24336401467543864	22695	0.8048266314545962	0.746112090244444
A0233_S137_L002	S166	GSM7064065	RA1325_LN-ING-L [A0233_S137_L002]	RA1325	LN-ING-L	Lymph node:LN-ING-L	6.0	lymph node	False	0.8222280275133145	0.7485195519095256	0.4182113830840842	22515	0.7642834605148114	0.8801725945118175
A0234_S136_L002	S167	GSM7064066	RA1325_LN-MES [A0234_S136_L002]	RA1325	LN-MES	Lymph node:LN-MES	6.0	lymph node	False	0.8547442662732424	0.6682308204479155	0.32927922665947	20893	0.8550702162169275	0.8544183163295573
A0235	S168	GSM7064067	A0235 [A0235]	A0235 [A0235]	Lung	Lung	6.0	lung	False	0.8232788611468849	0.4525972466033219	0.3608959801536127	13648	0.8392132193478128	0.807344502945957
A0238_S25_L001	S169	GSM7064068	RA1325_Skin-Non-Rash [A0238_S25_L001]	RA1325	Skin-Non-Rash	Skin:Non-Rash	6.0	skin	False	0.6115484495162412	0.0026711351718837475	-0.9308884309111066	20956	0.728852562520691	0.49424433651179145
A0239_S23_L001	S170	GSM7064069	RA1856_Spleen [A0239_S23_L001]	RA1856	Spleen	Spleen	0.0	spleen	False	-1.3747959003691514	-0.9773635900531993	-0.007582674459033027	22209	-1.2096156709046444	-1.5399761298336585
A0240_S95_L002	S171	GSM7064070	RA1856_Kidney [A0240_S95_L002]	RA1856	Kidney	Kidney	0.0	kidney	False	-1.6877254803431803	-1.5503598256929354	-0.932963042982073	17526	-1.3459341699672664	-2.029516790719094
A0242	S172	GSM7064071	RA1856_Adrenal [A0242]	RA1856	Adrenal	Adrenal Gland	0.0	adrenal gland	False	-1.1108533128831797	-1.295642469138036	0.18251869554195843	9641	-1.4107475936813396	-0.8109590320850196
A0243_S106_L002	S173	GSM7064072	RA1856_Brain-Wh [A0243_S106_L002]	RA1856	Brain-Wh	Brain:Brain-Wh	0.0	brain	False	-1.498105313509367	-1.8886527064646297	-1.4588284203110045	22194	-1.0107328037371606	-1.9854778232815733
A0244_S73_L002	S174	GSM7064073	RA1856_Brain-Gr [A0244_S73_L002]	RA1856	Brain-Gr	Brain:Brain-Gr	0.0	brain	False	-1.3903892489800138	-1.7897232372752512	-1.3709163566418194	23427	-0.8484022355673095	-1.9323762623927179
A0246_S135_L002	S175	GSM7064074	RA1856_LN-AX-R [A0246_S135_L002]	RA1856	LN-AX-R	Lymph node:LN-AX-R	0.0	lymph node	False	-1.7141991752608416	-1.022620870928199	0.09594060374210057	22396	-1.6025432713256238	-1.8258550791960597
A0247_S134_L002	S176	GSM7064075	RA1856_LN-ING-L [A0247_S134_L002]	RA1856	LN-ING-L	Lymph node:LN-ING-L	0.0	lymph node	False	-1.5557628646165758	-0.9711734565507274	0.10585424631461876	23102	-1.4697040366385319	-1.6418216925946194
A0248_S133_L002	S177	GSM7064076	RA1856_LN-MES [A0248_S133_L002]	RA1856	LN-MES	Lymph node:LN-MES	0.0	lymph node	False	-1.634197441727097	-0.8587545833872444	-0.7466115872835771	12131	-0.7989494826502713	-2.469445400803923
A0252_S24_L001	S178	GSM7064077	RA1856_Skin-Non-Rash [A0252_S24_L001]	RA1856	Skin-Non-Rash	Skin:Non-Rash	0.0	skin	False	-1.9167687013091212	-1.7348312252236167	-0.799368848156622	16506	-1.662641636223069	-2.170895766395174
A0253_S22_L001	S179	GSM7064078	RA1082_Spleen [A0253_S22_L001]	RA1082	Spleen	Spleen	0.0	spleen	False	-1.1484546697330924	-0.8362038712368827	-0.09357630209505198	22735	-1.0646101452532295	-1.2322991942129553
A0254_S93_L002	S180	GSM7064079	RA1082_Kidney [A0254_S93_L002]	RA1082	Kidney	Kidney	0.0	kidney	False	-1.668941002730947	-1.6219879396903545	-1.0440479259785918	19496	-1.2490140397015312	-2.088867965760363
A0256	S181	GSM7064080	A0256 [A0256]	A0256 [A0256]	Adrenal Gland	Adrenal Gland	0.0	adrenal gland	False	-0.9875147467244425	-0.9901441860894095	-0.4459750134136387	1429	-0.5935841200503217	-1.3814453733985634
A0258_S72_L002	S182	GSM7064081	RA1082_Brain-Gr [A0258_S72_L002]	RA1082	Brain-Gr	Brain:Brain-Gr	0.0	brain	False	-1.2590551041554379	-1.783890388910417	-1.5825107691736446	25077	-0.7435781702789758	-1.7745320380318998
A0259_S50_L001	S183	GSM7064082	RA1082_Ovary [A0259_S50_L001]	RA1082	Ovary	Sex Organ:Ovary	0.0	ovary	False	-1.4414288331795326	-1.353736337694656	-0.9465735978303824	23141	-1.1973564886985488	-1.6855011776605162
A0260_S132_L002	S184	GSM7064083	RA1082_LN-AX-R [A0260_S132_L002]	RA1082	LN-AX-R	Lymph node:LN-AX-R	0.0	lymph node	False	-1.5884533787246649	-0.9936912420671907	-0.08758653175024096	22977	-1.4553037419353039	-1.7216030155140256
A0261_S131_L002	S185	GSM7064084	RA1082_LN-ING-L [A0261_S131_L002]	RA1082	LN-ING-L	Lymph node:LN-ING-L	0.0	lymph node	False	-1.5353481501958701	-1.1171595541317154	-0.308388143591844	23371	-1.1984009777063576	-1.8722953226853827
A0262_S130_L002	S186	GSM7064085	RA1082_LN-MES [A0262_S130_L002]	RA1082	LN-MES	Lymph node:LN-MES	0.0	lymph node	False	-1.2264125785432218	-0.8526270682545046	-0.4118932078640713	22521	-1.0967881634722718	-1.3560369936141718
A0264_S49_L001	S187	GSM7064086	RA1082_Sex-Organ [A0264_S49_L001]	RA1082	Sex-Organ	Sex Organ:Sex-Organ	0.0	sex organ	False	-0.9511584672377699	-0.8696634087795571	-0.5317036354214885	14732	-0.8313730304748355	-1.0709439040007043
A0265_S23_L001	S188	GSM7064087	RA1082_Skin-Rash [A0265_S23_L001]	RA1082	Skin-Rash	Skin:Rash	0.0	skin	False	-1.8944467635800826	-1.6308513749974736	-1.1790002144516014	16665	-1.3962327150597253	-2.39266081210044
A0266_S22_L001	S189	GSM7064088	RA1082_Skin-Non-Rash [A0266_S22_L001]	RA1082	Skin-Non-Rash	Skin:Non-Rash	0.0	skin	False	-1.6102528917246635	-1.6252917516717713	-0.7943744576838333	19404	-1.1090927226139056	-2.1114130608354214
A0267_S11_L001	S190	GSM7064089	RA1074_Spleen [A0267_S11_L001]	RA1074	Spleen	Spleen	0.0	spleen	False	-1.0555044955897914	-0.8576258741200408	-0.14657580546144228	24047	-0.8291932836754792	-1.2818157075041035
A0268_S92_L002	S191	GSM7064090	RA1074_Kidney [A0268_S92_L002]	RA1074	Kidney	Kidney	0.0	kidney	False	-1.4409092234910852	-1.3171164178791093	-0.7798824939518622	22314	-1.3427977618771771	-1.5390206851049935
A0270	S192	GSM7064091	RA1074_Adrenal [A0270]	RA1074	Adrenal	Adrenal Gland	0.0	adrenal gland	False	-1.4475935257164343	-1.2165907852383457	-0.6082216327595106	21172	-1.4464131452881837	-1.4487739061446847
A0272_S71_L002	S193	GSM7064092	RA1074_Brain-Gr [A0272_S71_L002]	RA1074	Brain-Gr	Brain:Brain-Gr	0.0	brain	False	-1.4240865800017923	-1.7073237210185153	-1.2618521916616525	25111	-0.9810492351788297	-1.8671239248247549
A0274_S129_L002	S194	GSM7064093	RA1074_LN-AX-R [A0274_S129_L002]	RA1074	LN-AX-R	Lymph node:LN-AX-R	0.0	lymph node	False	-1.5400000764521096	-0.9019265603700889	-0.03647413160098454	23049	-1.3089162843037332	-1.7710838686004857
A0275_S128_L002	S195	GSM7064094	RA1074_LN-ING-L [A0275_S128_L002]	RA1074	LN-ING-L	Lymph node:LN-ING-L	0.0	lymph node	False	-1.1879659483307488	-0.7464971622971915	-0.003599792487808423	22862	-1.0017009459786768	-1.3742309506828208
A0276_S127_L002	S196	GSM7064095	RA1074_LN-MES [A0276_S127_L002]	RA1074	LN-MES	Lymph node:LN-MES	0.0	lymph node	False	-1.5652529430316835	-0.9140363859570163	-0.13598905292482263	22509	-1.217547121892911	-1.912958764170456
A0278_S104_L002	S197	GSM7064096	RA1074_Sex-Organ [A0278_S104_L002]	RA1074	Sex-Organ	Sex Organ:Sex-Organ	0.0	sex organ	False	-0.7365759010484025	-0.7329927173155001	-0.2506845521215082	21480	-0.30883344650982686	-1.1643183555869783
A0279_S21_L001	S198	GSM7064097	RA1074_Skin-Rash [A0279_S21_L001]	RA1074	Skin-Rash	Skin:Rash	0.0	skin	False	-1.6784330982767446	-1.6135415283165442	-1.6475443528695999	14200	-1.6102711718754388	-1.7465950246780506
A0280_S20_L001	S199	GSM7064098	RA1074_Skin-Non-Rash [A0280_S20_L001]	RA1074	Skin-Non-Rash	Skin:Non-Rash	0.0	skin	False	-1.7231372604461126	-1.5710740268000105	-1.0845767878197858	18668	-1.4081295008263786	-2.038145020065847
A0281_S10_L001	S200	GSM7064099	RA1819_Spleen [A0281_S10_L001]	RA1819	Spleen	Spleen	6.0	spleen	False	0.3328187732980986	0.47199614480322927	0.3584574230671241	18355	0.2493654911980013	0.41627205539819595
A0282_S91_L002	S201	GSM7064100	RA1819_Kidney [A0282_S91_L002]	RA1819	Kidney	Kidney	6.0	kidney	False	1.0569993067548673	0.5346480682670518	-0.4200326830510006	22464	1.0951646090206042	1.0188340044891304
A0283	S202	GSM7064101	A0283 [A0283]	A0283 [A0283]	Liver	Liver	6.0	liver	False	1.25783012353985	0.603200815366115	0.2970458484650936	17798	1.4505206883446602	1.0651395587350396
A0284	S203	GSM7064102	RA1819_Adrenal [A0284]	RA1819	Adrenal	Adrenal Gland	6.0	adrenal gland	False	0.7648828166611327	0.5423317455454177	-0.3319845201745945	21850	0.7763571750953063	0.753408458226959
A0286_S70_L002	S204	GSM7064103	RA1819_Brain-Gr [A0286_S70_L002]	RA1819	Brain-Gr	Brain:Brain-Gr	6.0	brain	False	0.4136601525273326	-0.46205045569709213	-0.917841513477114	23766	0.44762579397717844	0.3796945110774868
A0287_S103_L002	S205	GSM7064104	RA1819_Ovary [A0287_S103_L002]	RA1819	Ovary	Sex Organ:Ovary	6.0	ovary	False	0.8049003291341279	0.5799882156038413	-0.1538680240462036	20628	0.8905195170981304	0.7192811411701254
A0288_S126_L002	S206	GSM7064105	RA1819_LN-AX-R [A0288_S126_L002]	RA1819	LN-AX-R	Lymph node:LN-AX-R	6.0	lymph node	False	0.7579146803181173	0.7358438067917573	0.2569397066079812	22345	0.8463726518412183	0.6694567087950162
A0289_S125_L002	S207	GSM7064106	RA1819_LN-ING-L [A0289_S125_L002]	RA1819	LN-ING-L	Lymph node:LN-ING-L	6.0	lymph node	False	0.7178618096201941	0.6587131503563918	0.30714024259933326	22445	0.7981208459452227	0.6376027732951655
A0290_S124_L002	S208	GSM7064107	RA1819_LN-MES [A0290_S124_L002]	RA1819	LN-MES	Lymph node:LN-MES	6.0	lymph node	False	1.0105585657683331	0.6769474242671476	0.03157390865668591	19715	1.2561579560362701	0.7649591755003959
A0292_S102_L002	S209	GSM7064108	RA1819_Sex-Organ [A0292_S102_L002]	RA1819	Sex-Organ	Sex Organ:Sex-Organ	6.0	sex organ	False	1.3596548736874672	0.7695846197622804	-0.4167883719927043	13738	1.5232277231675009	1.1960820242074333
A0294_S18_L001	S210	GSM7064109	RA1819_Skin-Non-Rash [A0294_S18_L001]	RA1819	Skin-Non-Rash	Skin:Non-Rash	6.0	skin	False	0.5486873294605582	0.08902651418806064	-0.6254976387170548	15100	0.7358037951828038	0.36157086373831254
A0295_S16_L001	S211	GSM7064110	RA1082_WholeBlood-Dm30b [A0295_S16_L001]	RA1082	WholeBlood	Whole blood	-30.0	whole blood	False	-1.4093734931742572	-0.7635865540420972	0.7342184168148935	19444	-1.482721410975869	-1.3360255753726453
A0297_S14_L001	S212	GSM7064111	RA1082_WholeBlood-D0 [A0297_S14_L001]	RA1082	WholeBlood	Whole blood	0.0	whole blood	False	-1.2565175319115032	-0.5716154641722659	0.6773147082144896	19043	-1.3895962756255007	-1.1234387881975056
A0298_S192_L002	S213	GSM7064112	RA1819_WholeBlood-BL [A0298_S192_L002]	RA1819	WholeBlood	Whole blood	-28.0	whole blood	False	-1.3498622582989652	-0.5252106277470625	1.1948006554812851	18884	-1.3941540129250922	-1.305570503672838
A0299_S191_L002	S214	GSM7064113	RA1819_WholeBlood-BL [A0299_S191_L002]	RA1819	WholeBlood	Whole blood	-14.0	whole blood	False	-1.3380559177755091	-0.479386711675125	0.9084840809273306	17037	-1.4153078325495982	-1.26080400300142
A0300_S190_L002	S215	GSM7064114	RA1819_WholeBlood-D0 [A0300_S190_L002]	RA1819	WholeBlood	Whole blood	0.0	whole blood	False	-0.9957596544476472	-0.15743142090641984	1.1777595135605334	18708	-1.3306958499116832	-0.6608234589836114
A0301_S189_L002	S216	GSM7064115	RA1856_WholeBlood-BL [A0301_S189_L002]	RA1856	WholeBlood	Whole blood	-28.0	whole blood	False	-1.426400029998278	-0.8019859748848588	0.7176581602093037	19767	-1.5445670356598704	-1.3082330243366855
A0302_S188_L002	S217	GSM7064116	RA1856_WholeBlood-BL [A0302_S188_L002]	RA1856	WholeBlood	Whole blood	-14.0	whole blood	False	-1.2011637155548098	-0.7217362543046436	0.6982596401402724	17889	-1.1962881931419778	-1.2060392379676421
A0303_S187_L002	S218	GSM7064117	RA1856_WholeBlood-D0 [A0303_S187_L002]	RA1856	WholeBlood	Whole blood	0.0	whole blood	False	-1.3731218691483014	-0.8023571054348552	0.5491125477283946	18626	-1.4197401303767252	-1.3265036079198775
A0304_S13_L001	S219	GSM7064118	RA0700_WholeBlood-Dm30 [A0304_S13_L001]	RA0700	WholeBlood	Whole blood	-30.0	whole blood	False	-0.4498847089456227	0.23588324808068573	1.2846723094757	18505	-0.6212896432055551	-0.2784797746856903
A0305_S12_L001	S220	GSM7064119	RA0700_WholeBlood-Dm04 [A0305_S12_L001]	RA0700	WholeBlood	Whole blood	-4.0	whole blood	False	-0.5806183862353698	0.10112914148136518	1.480955058124291	14485	-0.7217879389560902	-0.4394488335146495
A0306_S11_L001	S221	GSM7064120	RA0700_WholeBlood-D7-NEC [A0306_S11_L001]	RA0700	WholeBlood	Whole blood	7.0	whole blood	False	0.6666532690715397	0.9221499516887689	0.8532922545988958	19953	0.6734144376608954	0.659892100482184
A0307_S48_L001	S222	GSM7064121	RA1818_WholeBlood-BL [A0307_S48_L001]	RA1818	WholeBlood	Whole blood	-30.0	whole blood	False	-1.734519901599405	-0.8749186581899804	0.7088908093877667	18153	-1.718819099142793	-1.750220704056017
A0308_S47_L001	S223	GSM7064122	RA1818_WholeBlood-BL [A0308_S47_L001]	RA1818	WholeBlood	Whole blood	-4.0	whole blood	False	-1.7198519302663668	-0.8493702624158672	1.0449544017479366	19517	-1.7864262951218755	-1.653277565410858
A0309_S10_L001	S224	GSM7064123	RA1818_WholeBlood-D6-NEC [A0309_S10_L001]	RA1818	WholeBlood	Whole blood	6.0	whole blood	False	0.8452612072544479	0.9000513685067887	0.7693845126662097	20094	0.8801827661624507	0.8103396483464451
A0310_S46_L001	S225	GSM7064124	RA1779_WholeBlood-BL [A0310_S46_L001]	RA1779	WholeBlood	Whole blood	-30.0	whole blood	False	-1.4420327324786997	-0.713048763441476	0.6496918978040501	19310	-1.5381942434640665	-1.3458712214933326
A0311_S45_L001	S226	GSM7064125	RA1779_WholeBlood-BL [A0311_S45_L001]	RA1779	WholeBlood	Whole blood	-4.0	whole blood	False	-1.3586724806244144	-0.5190898753637837	1.6676454876420994	19067	-1.5914109451053218	-1.1259340161435067
A0312_S44_L001	S227	GSM7064126	RA1779_WholeBlood-D8-NEC [A0312_S44_L001]	RA1779	WholeBlood	Whole blood	8.0	whole blood	False	0.9093320412962071	1.2969501102460892	1.397439970305185	19459	0.5970732122430301	1.221590870349384
A0313_S43_L001	S228	GSM7064127	RA1790_WholeBlood-BL [A0313_S43_L001]	RA1790	WholeBlood	Whole blood	-30.0	whole blood	False	-1.319548970702837	-0.5498361338101342	0.7676714842769611	19452	-1.625487128700011	-1.013610812705663
A0314_S42_L001	S229	GSM7064128	RA1790_WholeBlood-BL [A0314_S42_L001]	RA1790	WholeBlood	Whole blood	-4.0	whole blood	False	-1.1299182642481767	-0.39471736985903016	1.288225177595907	18957	-1.4135350620027602	-0.846301466493593
A0315_S41_L001	S230	GSM7064129	RA1790_WholeBlood-D8-NEC [A0315_S41_L001]	RA1790	WholeBlood	Whole blood	7.0	whole blood	False	0.8912575118718253	1.197321075687649	1.0156275841945146	19514	0.5895394187792715	1.1929756049643792
A0316_S40_L001	S231	GSM7064130	RA0917_WholeBlood-BL [A0316_S40_L001]	RA0917	WholeBlood	Whole blood	-30.0	whole blood	False	-0.8513099221758587	-0.09771603429728225	0.7178268417979837	19144	-1.0976706262103095	-0.6049492181414079
A0317_S39_L001	S232	GSM7064131	RA0917_WholeBlood-BL [A0317_S39_L001]	RA0917	WholeBlood	Whole blood	-4.0	whole blood	False	-1.2338986057218455	-0.16414851786209506	1.175288068363378	19017	-1.6403306551814603	-0.8274665562622308
A0318_S38_L001	S233	GSM7064132	RA0917_WholeBlood-D6-NEC [A0318_S38_L001]	RA0917	WholeBlood	Whole blood	6.0	whole blood	False	1.2219918526441744	1.5956917532293724	1.5203730863195188	18761	0.9481749322094583	1.4958087730788907
A0319_S37_L001	S234	GSM7064133	RA1423_WholeBlood-BL [A0319_S37_L001]	RA1423	WholeBlood	Whole blood	-30.0	whole blood	False	-1.5714783396972134	-0.6691544091484196	0.8664234534797686	18981	-1.6121160150842946	-1.530840664310132
A0320_S36_L001	S235	GSM7064134	RA1423_WholeBlood-BL [A0320_S36_L001]	RA1423	WholeBlood	Whole blood	-4.0	whole blood	False	-1.0926455734486833	-0.21533187235659956	2.012781805977959	17977	-1.2116687218127624	-0.973622425084604
A0321_S35_L001	S236	GSM7064135	RA1423_WholeBlood-D8-NEC [A0321_S35_L001]	RA1423	WholeBlood	Whole blood	8.0	whole blood	False	0.715534754367736	0.8062511497439692	0.6651524099373541	19144	0.5746403702437879	0.8564291384916839
A0322_S34_L001	S237	GSM7064136	RA0223_WholeBlood-BL [A0322_S34_L001]	RA0223	WholeBlood	Whole blood	-30.0	whole blood	False	-1.4005195589576043	-0.656238476240015	0.6551403443528344	19051	-1.6172542862952721	-1.1837848316199362
A0323_S33_L001	S238	GSM7064137	RA0223_WholeBlood-BL [A0323_S33_L001]	RA0223	WholeBlood	Whole blood	0.0	whole blood	False	-1.5429523590103988	-0.7298606017015858	0.43907294219939547	19678	-1.8013336175883194	-1.2845711004324785
A0324_S32_L001	S239	GSM7064138	RA0223_WholeBlood-D1 [A0324_S32_L001]	RA0223	WholeBlood	Whole blood	1.0	whole blood	False	-1.1889871291288672	-0.5150399051916845	0.7552634925926865	19160	-1.513866059377976	-0.8641081988797583
A0325_S31_L001	S240	GSM7064139	RA0223_WholeBlood-D3 [A0325_S31_L001]	RA0223	WholeBlood	Whole blood	3.0	whole blood	False	1.4261488480257785	1.8656253112769858	1.3084431285777418	18172	1.2618996791193862	1.590398016932171
A0326_S30_L001	S241	GSM7064140	RA0449_WholeBlood-BL [A0326_S30_L001]	RA0449	WholeBlood	Whole blood	-30.0	whole blood	False	-1.549458555905566	-0.7131273482320725	0.7213634351915584	17989	-1.5594482608008429	-1.5394688510102892
A0327_S29_L001	S242	GSM7064141	RA0449_WholeBlood-BL [A0327_S29_L001]	RA0449	WholeBlood	Whole blood	0.0	whole blood	False	-1.5284919610141716	-0.8045149598940476	0.728846128097589	19021	-1.572514254221812	-1.4844696678065314
A0328_S28_L001	S243	GSM7064142	RA0449_WholeBlood-D1 [A0328_S28_L001]	RA0449	WholeBlood	Whole blood	1.0	whole blood	False	-1.5450161204756838	-0.7704519083179683	0.6577829756655184	18936	-1.5309707625238242	-1.5590614784275434
A0329_S27_L001	S244	GSM7064143	RA0449_WholeBlood-D3 [A0329_S27_L001]	RA0449	WholeBlood	Whole blood	3.0	whole blood	False	0.9109951524767179	1.2244576528602733	0.8515917058239738	19246	0.8481360329094939	0.9738542720439419
A0330_S26_L001	S245	GSM7064144	RA1834_WholeBlood-BL [A0330_S26_L001]	RA1834	WholeBlood	Whole blood	-30.0	whole blood	False	-0.3080716357615902	0.13064113496063523	0.9531300269869883	18615	-0.6512886514338238	0.035145379910643405
A0331_S96_L001	S246	GSM7064145	RA1834_WholeBlood-BL [A0331_S96_L001]	RA1834	WholeBlood	Whole blood	0.0	whole blood	False	-0.616528117751276	-0.018370339439986165	0.7577812722736533	17326	-0.9987654769458262	-0.23429075855672582
A0332_S95_L001	S247	GSM7064146	RA1834_WholeBlood-D1 [A0332_S95_L001]	RA1834	WholeBlood	Whole blood	1.0	whole blood	False	-1.0615536221639013	-0.3904654019542527	0.838239500897244	17939	-1.366044622885784	-0.7570626214420185
A0333_S94_L001	S248	GSM7064147	RA1834_WholeBlood-D3 [A0333_S94_L001]	RA1834	WholeBlood	Whole blood	3.0	whole blood	False	1.0560696244533265	1.3990950526645907	0.7969360477485042	17977	0.8564407774233301	1.255698471483323
A0334_S93_L001	S249	GSM7064148	RA0452_WholeBlood-BL [A0334_S93_L001]	RA0452	WholeBlood	Whole blood	-30.0	whole blood	False	0.35952398578676587	0.66652763152439	0.5307526001284332	16835	0.2797372463808024	0.43931072519272935
A0335_S92_L001	S250	GSM7064149	RA0452_WholeBlood-BL [A0335_S92_L001]	RA0452	WholeBlood	Whole blood	0.0	whole blood	False	-0.743672342870288	-0.16136219341543062	0.8314791489704013	19017	-0.9386924568311381	-0.548652228909438
A0336_S91_L001	S251	GSM7064150	RA0452_WholeBlood-D1 [A0336_S91_L001]	RA0452	WholeBlood	Whole blood	1.0	whole blood	False	-1.1931650916288021	-0.4830863821756534	0.4278103490062417	18447	-1.486436300985525	-0.8998938822720793
A0337_S90_L001	S252	GSM7064151	RA0452_WholeBlood-D3 [A0337_S90_L001]	RA0452	WholeBlood	Whole blood	3.0	whole blood	False	1.124896526790606	1.6573490703512743	1.130716843584031	17635	0.906827824777259	1.342965228803953
A0338_S89_L001	S253	GSM7064152	RA0452_WholeBlood-D5 [A0338_S89_L001]	RA0452	WholeBlood	Whole blood	5.0	whole blood	False	1.3062161645170638	1.7285942304183224	0.8724704574829119	18446	1.1384653998671672	1.4739669291669604
A0339_S88_L001	S254	GSM7064153	RA0522_WholeBlood-BL [A0339_S88_L001]	RA0522	WholeBlood	Whole blood	-30.0	whole blood	False	-1.2952063364808302	-0.3938496710884066	1.1843790761946593	16562	-1.4171569647860889	-1.1732557081755717
A0340_S87_L001	S255	GSM7064154	RA0522_WholeBlood-BL [A0340_S87_L001]	RA0522	WholeBlood	Whole blood	0.0	whole blood	False	-0.7773780484300407	0.0030600370009636066	1.4834769772392027	17429	-1.0794910652153036	-0.4752650316447777
A0341_S86_L001	S256	GSM7064155	RA0522_WholeBlood-D1 [A0341_S86_L001]	RA0522	WholeBlood	Whole blood	1.0	whole blood	False	-1.0388985472446954	-0.24031635808514637	1.2936547947840895	16016	-1.1975927973966096	-0.880204297092781
A0342_S85_L001	S257	GSM7064156	RA0522_WholeBlood-D3 [A0342_S85_L001]	RA0522	WholeBlood	Whole blood	3.0	whole blood	False	1.1990123790059455	1.665770254596342	1.7837534573315004	16909	1.0782377121150337	1.3197870458968575
A0345_S82_L001	S258	GSM7064157	RA1639_WholeBlood-BL [A0345_S82_L001]	RA1639	WholeBlood	Whole blood	0.0	whole blood	False	-1.2652376176243547	-0.49088351943736214	1.3120848749959035	18602	-1.397426614324172	-1.1330486209245372
A0346_S81_L001	S259	GSM7064158	RA1639_WholeBlood-D1 [A0346_S81_L001]	RA1639	WholeBlood	Whole blood	1.0	whole blood	False	-1.338616856992234	-0.5827757337599503	1.2302842102595533	17496	-1.3305036571634323	-1.3467300568210356
A0347_S80_L001	S260	GSM7064159	RA1639_WholeBlood-D3 [A0347_S80_L001]	RA1639	WholeBlood	Whole blood	3.0	whole blood	False	1.2007749573822568	1.6065880230136056	1.68079677847357	17705	1.0108669119828169	1.3906830027816968
A0348_S79_L001	S261	GSM7064160	RA1639_WholeBlood-D5 [A0348_S79_L001]	RA1639	WholeBlood	Whole blood	5.0	whole blood	False	1.4175244270578373	1.682872984352467	1.3993516768415548	15703	1.368408071254399	1.4666407828612757
A0349_S78_L001	S262	GSM7064161	RA0717_WholeBlood-BL [A0349_S78_L001]	RA0717	WholeBlood	Whole blood	-30.0	whole blood	False	-1.622866912824616	-0.6226292565545403	0.28380294304920217	14582	-1.8890090956645973	-1.3567247299846348
A0350_S77_L001	S263	GSM7064162	RA0717_WholeBlood-BL [A0350_S77_L001]	RA0717	WholeBlood	Whole blood	-14.0	whole blood	False	-1.481734343936401	-0.8818858178141754	0.6624480453574978	18252	-1.4584867589448398	-1.5049819289279622
A0351_S76_L001	S264	GSM7064163	RA0717_WholeBlood-D2 [A0351_S76_L001]	RA0717	WholeBlood	Whole blood	2.0	whole blood	False	-1.366608029221399	-0.6656075080796714	0.6159846325213306	18591	-1.7012810116615535	-1.0319350467812443
A0352_S75_L001	S265	GSM7064164	RA0717_WholeBlood-D4 [A0352_S75_L001]	RA0717	WholeBlood	Whole blood	4.0	whole blood	False	1.6604451515875966	2.1402881906453746	1.894530295665526	16833	1.4855591130485635	1.8353311901266298
A0353_S74_L001	S266	GSM7064165	RA0850_WholeBlood-BL [A0353_S74_L001]	RA0850	WholeBlood	Whole blood	-30.0	whole blood	False	-0.9537576875322141	-0.3122799287672993	0.9189090311609398	16707	-1.4350016733383177	-0.47251370172611057
A0354_S71_L001	S267	GSM7064166	RA0850_WholeBlood-BL [A0354_S71_L001]	RA0850	WholeBlood	Whole blood	-14.0	whole blood	False	-0.7920973475189311	-0.1723069473254427	1.2357335256732824	18312	-1.303565305272851	-0.2806293897650111
A0355_S70_L001	S268	GSM7064167	RA0850_WholeBlood-D2 [A0355_S70_L001]	RA0850	WholeBlood	Whole blood	2.0	whole blood	False	-0.707790637738684	-0.1567156050713939	0.892204083499429	19827	-1.187213926687679	-0.22836734878968878
A0356_S69_L001	S269	GSM7064168	RA0850_WholeBlood-D4 [A0356_S69_L001]	RA0850	WholeBlood	Whole blood	4.0	whole blood	False	1.3204038467077286	1.851461355402289	1.7781758313588074	17737	1.0767547005108633	1.564052992904594
A0357_S68_L001	S270	GSM7064169	RA1849_WholeBlood-BL [A0357_S68_L001]	RA1849	WholeBlood	Whole blood	-30.0	whole blood	False	-1.5078732680561804	-0.7204097264724815	0.408434250577191	19355	-1.6104613731791637	-1.4052851629331968
A0358_S67_L001	S271	GSM7064170	RA1849_WholeBlood-BL [A0358_S67_L001]	RA1849	WholeBlood	Whole blood	-14.0	whole blood	False	-1.4545300187773036	-0.6159569977369693	0.7792987546948286	18031	-1.5767842196833093	-1.332275817871298
A0359_S66_L001	S272	GSM7064171	RA1849_WholeBlood-D2 [A0359_S66_L001]	RA1849	WholeBlood	Whole blood	2.0	whole blood	False	-0.542921396123981	-0.04933046954027042	0.8482490005224124	19328	-0.94693185492179	-0.13891093732617218
A0360_S65_L001	S273	GSM7064172	RA1849_WholeBlood-D4 [A0360_S65_L001]	RA1849	WholeBlood	Whole blood	4.0	whole blood	False	1.514349543167513	1.9931649358345485	1.7035003109126736	17893	1.183979727569052	1.8447193587659738
A0361_S64_L001	S274	GSM7064173	RA1074_WholeBlood-BL [A0361_S64_L001]	RA1074	WholeBlood	Whole blood	-30.0	whole blood	False	-1.4029703511648786	-0.5350093565322324	0.37914470878393775	19451	-1.4766950792532252	-1.329245623076532
A0362_S63_L001	S275	GSM7064174	RA1074_WholeBlood-BL [A0362_S63_L001]	RA1074	WholeBlood	Whole blood	-14.0	whole blood	False	-1.016979043119843	0.06521075819916394	1.0314999446725321	18906	-1.4228565934779427	-0.6111014927617434
A0363_S62_L001	S276	GSM7064175	RA1074_WholeBlood-D2 [A0363_S62_L001]	RA1074	WholeBlood	Whole blood	2.0	whole blood	False	-1.0469386133511656	-0.33549175972612605	0.47527044452042694	18941	-1.2189399188848058	-0.8749373078175252
A0364_S61_L001	S277	GSM7064176	RA1074_WholeBlood-D4 [A0364_S61_L001]	RA1074	WholeBlood	Whole blood	4.0	whole blood	False	1.2274086962190016	2.1022354973016317	1.482380292244236	14496	0.6387505430660693	1.8160668493719339
A0365_S60_L001	S278	GSM7064177	RA1074_WholeBlood-D6 [A0365_S60_L001]	RA1074	WholeBlood	Whole blood	6.0	whole blood	False	1.034754722221071	1.3982625212039566	1.087197171422057	17610	0.7794496423850126	1.2900598020571292
A0366_S59_L001	S279	GSM7064178	RA1325_WholeBlood-BL [A0366_S59_L001]	RA1325	WholeBlood	Whole blood	-30.0	whole blood	False	-0.9039399281841767	-0.11327055570084628	0.8256369489950233	16803	-1.3179316483997539	-0.48994820796859945
A0367_S58_L001	S280	GSM7064179	RA1325_WholeBlood-BL [A0367_S58_L001]	RA1325	WholeBlood	Whole blood	-14.0	whole blood	False	-0.6681553194415693	0.14887341150092098	1.3665434023157363	18321	-1.2433690963825639	-0.09294154250057474
A0368_S57_L001	S281	GSM7064180	RA1325_WholeBlood-D2 [A0368_S57_L001]	RA1325	WholeBlood	Whole blood	2.0	whole blood	False	-1.1439660654918893	-0.43568071472830616	1.073818028911842	18300	-1.352136691122539	-0.9357954398612397
A0369_S56_L001	S282	GSM7064181	RA1325_WholeBlood-D4 [A0369_S56_L001]	RA1325	WholeBlood	Whole blood	4.0	whole blood	False	1.7113115885257306	2.2792212113020747	1.476927036114809	15033	1.499831058808091	1.9227921182433705
A0370_S55_L001	S283	GSM7064182	RA1325_WholeBlood-D6 [A0370_S55_L001]	RA1325	WholeBlood	Whole blood	6.0	whole blood	False	1.3823819538962587	1.7037261949177862	1.3381529810108035	18990	1.1956130319958311	1.5691508757966863
A0371_S54_L001	S284	GSM7064183	RA1803_WholeBlood-BL [A0371_S54_L001]	RA1803	WholeBlood	Whole blood	-30.0	whole blood	False	-1.600773833563156	-0.7135670010431342	0.5453563876915039	19768	-1.7584696056892475	-1.4430780614370644
A0372_S53_L001	S285	GSM7064184	RA1803_WholeBlood-BL [A0372_S53_L001]	RA1803	WholeBlood	Whole blood	-14.0	whole blood	False	-1.495738960669263	-0.5569933390337701	0.8187861343213626	19566	-1.676708149518608	-1.3147697718199178
A0373_S52_L001	S286	GSM7064185	RA1803_WholeBlood-D2 [A0373_S52_L001]	RA1803	WholeBlood	Whole blood	2.0	whole blood	False	-1.4468582755820512	-0.6279382889824346	0.6179473939402708	19574	-1.4939588426284471	-1.3997577085356552
A0374_S51_L001	S287	GSM7064186	RA1803_WholeBlood-D4 [A0374_S51_L001]	RA1803	WholeBlood	Whole blood	4.0	whole blood	False	1.6219655319814401	2.2825155799592007	1.6094105447085874	17917	1.3367674233469702	1.90716364061591
A0375_S50_L001	S288	GSM7064187	RA1803_WholeBlood-D6 [A0375_S50_L001]	RA1803	WholeBlood	Whole blood	6.0	whole blood	False	1.0533796242446913	1.295921757158368	0.9693715562955041	19466	0.9276602313637823	1.1790990171256004
RA0449.D003_S105_L002	S289	GSM7064188	RA0449_PBMC-D3 [RA0449.D003_S105_L002]	RA0449	PBMC	PBMC	3.0	PBMC	False	0.9464494514554497	1.0194858643767135	0.5072020874170475	13426	0.9757465077778695	0.9171523951330298
RA0452_PBMC_D005_S10	S290	GSM7064189	RA0452_PBMC-D5 [RA0452_PBMC_D005_S10]	RA0452	PBMC	PBMC	5.0	PBMC	False	0.949806615737157	0.9380058384828571	0.15991791551776802	16252	0.9496974078610251	0.9499158236132887
RA0717_PBMC_D004_S9	S291	GSM7064190	RA0717_PBMC-D4 [RA0717_PBMC_D004_S9]	RA0717	PBMC	PBMC	4.0	PBMC	False	1.2472276349313112	1.2764604387393281	0.5142824201007917	10993	1.236290660221531	1.2581646096410914
RA0717.Liver_S10	S292	GSM7064191	RA0717_Liver-L [RA0717.Liver_S10]	RA0717	Liver-L	Liver	4.0	liver	False	1.2354747031338809	0.8221048267619401	0.874591577927085	16474	1.1313811104827731	1.3395682957849888
RA0850.Liver_S11	S293	GSM7064192	RA0850_Liver-L [RA0850.Liver_S11]	RA0850	Liver-L	Liver	4.0	liver	False	0.8694724374155968	0.35088272403360604	0.7972481777486312	18389	0.7149366100689378	1.0240082647622557
RA1074_PBMC_D006_S11	S294	GSM7064193	RA1074_PBMC-D6 [RA1074_PBMC_D006_S11]	RA1074	PBMC	PBMC	6.0	PBMC	False	1.0702347571980306	1.2256424155022554	0.4843582635863873	14899	1.189794552604404	0.9506749617916572
RA1325_PBMC_D006_S12	S295	GSM7064194	RA1325_PBMC-D6 [RA1325_PBMC_D006_S12]	RA1325	PBMC	PBMC	6.0	PBMC	False	0.8410382338206435	0.594666635621389	0.533616333689981	17201	0.8688694395072947	0.8132070281339924
RA1779.Liver_S7	S296	GSM7064195	RA1779_Liver-L [RA1779.Liver_S7]	RA1779	Liver-L	Liver	8.0	liver	False	0.9112701390260384	0.5266392397893496	0.6743575841238526	20672	0.8928341908884287	0.929706087163648
RA1803_PBMC_D006_S13	S297	GSM7064196	RA1803_PBMC-D6 [RA1803_PBMC_D006_S13]	RA1803	PBMC	PBMC	6.0	PBMC	False	1.046540067543428	1.0431218676209617	0.5663730465780673	15966	1.0658844724786747	1.027195662608181
Zyagen_D000_Adrenal.190507_long_S4	S298	GSM7064197	Zyagen_D000_Adrenal.190507_long_S4 [Zyagen_D000_Adrenal.190507_long_S4]	Zyagen	Adrenal.190507_long_S4	Adrenal Gland		adrenal gland	True	-1.4282576968648528	-1.094308483241272	-0.7083162506823827	21846	-1.511802239521618	-1.3447131542080877
Zyagen_D000_Brain.190507_long_S5	S299	GSM7064198	Zyagen_D000_Brain.190507_long_S5 [Zyagen_D000_Brain.190507_long_S5]	Zyagen	Brain.190507_long_S5	Brain:Brain-Wh		brain	True	-1.672325410322921	-1.902931373199134	-1.2107500950500365	24440	-1.4182353948667865	-1.9264154257790556
Zyagen_D000_Kidney.190507_long_S7	S300	GSM7064199	Zyagen_D000_Kidney.190507_long_S7 [Zyagen_D000_Kidney.190507_long_S7]	Zyagen	Kidney.190507_long_S7	Kidney		kidney	True	-1.6722356203066138	-1.4642654677820681	-0.5909131651611274	25039	-1.6505594961650947	-1.6939117444481329
Zyagen_D000_Liver.190507_long_S3	S301	GSM7064200	Zyagen_D000_Liver.190507_long_S3 [Zyagen_D000_Liver.190507_long_S3]	Zyagen	Liver.190507_long_S3	Liver		liver	True	-1.071324251689497	-0.8979541574715147	0.8728508624285766	20450	-1.1322846094564543	-1.0103638939225394
Zyagen_D000_LN.190507_long_S6	S302	GSM7064201	Zyagen_D000_LN.190507_long_S6 [Zyagen_D000_LN.190507_long_S6]	Zyagen	LN.190507_long_S6	Lymph node:NA		lymph node	True	-0.7741782642591242	-0.46576773290125206	0.16179566125545142	24043	-0.9923732778859565	-0.5559832506322919
Zyagen_D000_Ovary.160421_long_S15	S303	GSM7064202	Zyagen_D000_Ovary.160421_long_S15 [Zyagen_D000_Ovary.160421_long_S15]	Zyagen	Ovary.160421_long_S15	Ovary		ovary	True	-1.643500326139201	-1.354534726104592	-0.6164304529512773	25915	-1.784553048898461	-1.5024476033799412
Zyagen_D000_Skin.190507_long_S2	S304	GSM7064203	Zyagen_D000_Skin.190507_long_S2 [Zyagen_D000_Skin.190507_long_S2]	Zyagen	Skin.190507_long_S2	Skin		skin	True	-1.582941859060794	-1.2519190909674567	-0.4548170794283619	24398	-1.6902218378494298	-1.475661880272158
Zyagen_D000_SpinalCord.190507_long_S8	S305	GSM7064204	Zyagen_D000_SpinalCord.190507_long_S8 [Zyagen_D000_SpinalCord.190507_long_S8]	Zyagen	SpinalCord.190507_long_S8	SpinalCord		spinal cord	True	-1.2806341852093468	-1.4125106828692138	-0.8647357661232112	24478	-1.4054214313379043	-1.1558469390807893
Zyagen_D000_Spleen.190507_long_S1	S306	GSM7064205	Zyagen_D000_Spleen.190507_long_S1 [Zyagen_D000_Spleen.190507_long_S1]	Zyagen	Spleen.190507_long_S1	Spleen		spleen	True	-1.039671692338003	-0.6536855282000255	0.22092301576141493	23786	-1.2487812174120756	-0.8305621672639304
Zyagen_D000_Testis.160421_long_S16	S307	GSM7064206	Zyagen_D000_Testis.160421_long_S16 [Zyagen_D000_Testis.160421_long_S16]	Zyagen	Testis.160421_long_S16	Testis		testis	True	-1.0144710861236412	-1.0309208159466727	-0.2824684855633881	28462	-1.145673029623975	-0.8832691426233076
