label	dropped	n_classes	n_markers	A1_hits	A1_pass	A2_rho	A2_pass	gate_pass
drop:hepatocytes	hepatocytes	41	5252	5	False	0.7380952380952381	True	False
drop:cholangiocytes	cholangiocytes	41	5251	6	True	0.4047619047619048	False	False
drop:hepatic_stellate	hepatic_stellate	41	5278	6	True	0.4047619047619048	False	False
drop:macrophages	macrophages	41	5266	6	True	0.5476190476190477	True	True
drop:kidney_tubule	kidney_tubule	41	5279	5	False	0.3333333333333334	False	False
drop:podocytes	podocytes	41	5246	6	True	0.4047619047619048	False	False
drop:neurons	neurons	41	5247	6	True	0.4047619047619048	False	False
drop:astrocytes	astrocytes	41	5270	6	True	0.4047619047619048	False	False
drop:oligodendrocytes	oligodendrocytes	41	5266	6	True	0.3333333333333334	False	False
drop:microglia	microglia	41	5250	6	True	0.19047619047619052	False	False
drop:ependymal	ependymal	41	5266	6	True	0.4047619047619048	False	False
drop:adrenal_cortex	adrenal_cortex	41	5245	6	True	0.4047619047619048	False	False
drop:adrenal_medulla	adrenal_medulla	41	5258	6	True	0.4047619047619048	False	False
drop:t_cells	t_cells	41	5308	6	True	0.4047619047619048	False	False
drop:b_cells	b_cells	41	5270	5	False	0.4047619047619048	False	False
drop:nk_cells	nk_cells	41	5299	6	True	0.4047619047619048	False	False
drop:plasma_cells	plasma_cells	41	5269	6	True	0.4047619047619048	False	False
drop:innate_lymphoid	innate_lymphoid	41	5304	6	True	0.7380952380952381	True	True
drop:monocytes	monocytes	41	5299	6	True	0.4047619047619048	False	False
drop:neutrophils	neutrophils	41	5264	6	True	0.3333333333333334	False	False
drop:mast_cells	mast_cells	41	5257	6	True	0.4047619047619048	False	False
drop:dendritic_cells	dendritic_cells	41	5276	6	True	0.3571428571428572	False	False
drop:lymphatic_endothelial	lymphatic_endothelial	41	5297	6	True	0.3333333333333334	False	False
drop:vascular_endothelial	vascular_endothelial	41	5287	6	True	0.28571428571428575	False	False
drop:fibroblasts	fibroblasts	41	5280	6	True	0.3333333333333334	False	False
drop:smooth_muscle	smooth_muscle	41	5277	6	True	0.3333333333333334	False	False
drop:keratinocytes	keratinocytes	41	5219	6	True	0.5000000000000001	True	True
drop:melanocytes	melanocytes	41	5250	6	True	0.3333333333333334	False	False
drop:alveolar_epithelium	alveolar_epithelium	41	5256	5	False	0.4285714285714286	False	False
drop:airway_epithelium	airway_epithelium	41	5273	6	True	0.4047619047619048	False	False
drop:germ_cells	germ_cells	41	5242	6	True	0.7380952380952381	True	True
drop:sertoli	sertoli	41	5260	6	True	0.4047619047619048	False	False
drop:leydig	leydig	41	5309	6	True	0.3333333333333334	False	False
drop:peritubular_myoid	peritubular_myoid	41	5305	6	True	0.4047619047619048	False	False
drop:granulosa	granulosa	41	5269	6	True	0.4047619047619048	False	False
drop:oocytes	oocytes	41	5206	6	True	0.4047619047619048	False	False
drop:ovarian_stroma	ovarian_stroma	41	5284	6	True	0.2380952380952381	False	False
drop:epididymal_epithelium	epididymal_epithelium	41	5247	6	True	0.3333333333333334	False	False
drop:adipocytes	adipocytes	41	5248	6	True	0.7380952380952381	True	True
drop:hematopoietic_progenitors	hematopoietic_progenitors	41	5277	6	True	0.4047619047619048	False	False
drop:megakaryocytes_platelets	megakaryocytes_platelets	41	5229	6	True	0.3333333333333334	False	False
drop:erythrocytes	erythrocytes	41	5268	6	True	0.3333333333333334	False	False
