origin	atlas	n_labels_total	n_labels_ge_floor	atlas_has_contrast
S19	HBCA_microglia.h5ad	2	2	yes
S19	HBCA_vascular.h5ad	3	3	yes
S19	HLiCA_cholangiocyte.h5ad	3	3	yes
S19	HLiCA_endothelial.h5ad	8	8	yes
S19	HLiCA_hepatocyte.h5ad	4	4	yes
S19	HLiCA_myeloid.h5ad	11	11	yes
S19	Krasnow_lung_10X.h5ad	46	40	yes
S19	TS_Vasculature_cellxgene_source.h5ad	25	20	yes
S19	TS_bone_marrow.h5ad	25	20	yes
S19	TS_kidney.h5ad	13	8	yes
S19	TS_large_intestine.h5ad	29	22	yes
S19	TS_muscle.h5ad	32	23	yes
S19	TS_prostate.h5ad	14	12	yes
S19	TS_skin.h5ad	25	16	yes
S19	TS_small_intestine.h5ad	34	29	yes
S19	TS_testis.h5ad	15	8	yes
S19	TS_uterus.h5ad	28	16	yes
S19	gut_APC_lamina_propria.h5ad	1	1	no
S19	synovium_RA.h5ad	15	15	yes
new7	2adb1f8a_Construction_of_a_human_cell_landscape_at_single.h5ad	44	44	yes
new7	3e524d45_Human_adult_ureter.h5ad	13	13	yes
new7	43dc52cb_Human_embryonic_male_gonadal_tissue.h5ad	6	6	yes
new7	7b75b2c4_Photoreceptor_cells_of_the_human_fovea_and_perip.h5ad	2	2	yes
new7	8e5978bd_Adult_bladder_urothelial_subset.h5ad	3	3	yes
new7	cfa755c1_Supercluster__Choroid_plexus.h5ad	1	1	no
new7	e6dad530_All_cell_types_of_human_eye.h5ad	11	11	yes
