convention	set	x_convention	n	rho	p_perm	p_perm_n	p_t_approx	min_detectable_rho_power80	achieved_power_at_observed
A	19_atlases	tabulated_delta_restriction	162	0.4901	0.0002	4000	0.0	0.219	1.0
A	19_atlases	rebuilt_from_wide	162	0.5191	0.0002	4000	0.0	0.219	1.0
A	07_new_atlases	tabulated_delta_restriction	36	0.5742	0.0003	20000	0.0003	0.452	0.964
A	07_new_atlases	rebuilt_from_wide	36	0.5831	0.0002	20000	0.0002	0.452	0.969
A	26_atlases	tabulated_delta_restriction	198	0.5029	0.0002	4000	0.0	0.198	1.0
A	26_atlases	rebuilt_from_wide	198	0.5281	0.0002	4000	0.0	0.198	1.0
A	26_low_end	tabulated_delta_restriction	28	0.6073	0.0005	20000	0.0006	0.508	0.941
A	26_low_end_with_cz	tabulated_delta_restriction	29	0.6342	0.0004	20000	0.0002	0.5	0.968
A	26_rest	tabulated_delta_restriction	169	0.3688	0.0002	4000	0.0	0.214	0.999
A	26_low_end	rebuilt_from_wide	28	0.5939	0.0007	20000	0.0009	0.508	0.928
A	26_low_end_with_cz	rebuilt_from_wide	29	0.6231	0.0005	20000	0.0003	0.5	0.961
A	26_rest	rebuilt_from_wide	169	0.4055	0.0002	4000	0.0	0.214	1.0
B	19_atlases	tabulated_delta_restriction	163	0.4904	0.0002	4000	0.0	0.218	1.0
B	19_atlases	rebuilt_from_wide	163	0.519	0.0002	4000	0.0	0.218	1.0
B	07_new_atlases	tabulated_delta_restriction	41	0.563	0.0002	20000	0.0001	0.426	0.975
B	07_new_atlases	rebuilt_from_wide	41	0.5759	0.0002	20000	0.0001	0.426	0.981
B	26_atlases	tabulated_delta_restriction	204	0.4967	0.0002	4000	0.0	0.195	1.0
B	26_atlases	rebuilt_from_wide	204	0.5212	0.0002	4000	0.0	0.195	1.0
B	26_low_end	tabulated_delta_restriction	30	0.5261	0.0032	20000	0.0028	0.492	0.859
B	26_low_end_with_cz	tabulated_delta_restriction	31	0.5502	0.0015	20000	0.0013	0.485	0.905
B	26_rest	tabulated_delta_restriction	173	0.364	0.0002	4000	0.0	0.212	0.999
B	26_low_end	rebuilt_from_wide	30	0.5415	0.0027	20000	0.002	0.492	0.883
B	26_low_end_with_cz	rebuilt_from_wide	31	0.5662	0.001	20000	0.0009	0.485	0.925
B	26_rest	rebuilt_from_wide	173	0.3993	0.0002	4000	0.0	0.212	1.0
