reference_cell_type	scope	reference_delta	reference_rank	low_end	frozen_mapping	frozen_route	frozen_cl_id	frozen_testable	classification	n_covering_labels	n_covering_atlases	covering_atlases	covering_cells	covering_terms	witness_tier	witness	witness_cells	witness_labels	n_name_level_hits	name_level_hits	n_coarser_label_hits	coarser_label_hits
basal keratinocytes	S19	0.016	84	no	no				UNMAPPED_NO_WITNESS	0	0		0						0		0	
basal keratinocytes	S26	0.016	84	no	no				UNMAPPED_NO_WITNESS	0	0		0						0		0	
basal prostatic cells	S19	0.3587	42	no	no				UNMAPPED_CONTAINMENT_CANDIDATE	0	0		0		3	CL:0000646 basal cell @ Krasnow_lung_10X.h5ad:respiratory basal cell	593	Krasnow_lung_10X.h:basal cell(312);Krasnow_lung_10X.h:respiratory basal cell(593)	1	Krasnow_lung_10X.h:basal cell(312)	0	
basal prostatic cells	S26	0.3587	42	no	no				UNMAPPED_CONTAINMENT_CANDIDATE	0	0		0		3	CL:0000646 basal cell @ 2adb1f8a_Construction_of_a_human_cell_landscape_at_single.h5ad:basal cell	6538	Krasnow_lung_10X.h:basal cell(312);Krasnow_lung_10X.h:respiratory basal cell(593);2adb1f8a_Construct:basal cell(6538);3e524d45_Human_adu:basal cell of urothelium(6335);8e5978bd_Adult_bla:basal cell of urothelium(5179)	2	Krasnow_lung_10X.h:basal cell(312);2adb1f8a_Construct:basal cell(6538)	0	
bergmann glia	S19	-0.5343	120	yes	no				UNMAPPED_NO_WITNESS	0	0		0					Krasnow_lung_10X.h:basal cell(312);Krasnow_lung_10X.h:respiratory basal cell(593);2adb1f8a_Construct:basal cell(6538);3e524d45_Human_adu:basal cell of urothelium(6335);8e5978bd_Adult_bla:basal cell of urothelium(5179)	0		0	
bergmann glia	S26	-0.5343	120	yes	no				UNMAPPED_NO_WITNESS	0	0		0					Krasnow_lung_10X.h:basal cell(312);Krasnow_lung_10X.h:respiratory basal cell(593);2adb1f8a_Construct:basal cell(6538);3e524d45_Human_adu:basal cell of urothelium(6335);8e5978bd_Adult_bla:basal cell of urothelium(5179)	0		0	
brain excitatory neurons	S19	0.1488	64	no	no				UNMAPPED_NO_WITNESS	0	0		0					Krasnow_lung_10X.h:basal cell(312);Krasnow_lung_10X.h:respiratory basal cell(593);2adb1f8a_Construct:basal cell(6538);3e524d45_Human_adu:basal cell of urothelium(6335);8e5978bd_Adult_bla:basal cell of urothelium(5179)	0		0	
brain excitatory neurons	S26	0.1488	64	no	no				UNMAPPED_CONTAINMENT_CANDIDATE	0	0		0		3	CL:0000540 neuron @ e6dad530_All_cell_types_of_human_eye.h5ad:retinal rod cell	62523	2adb1f8a_Construct:neuron(17410);7b75b2c4_Photorece:retinal cone cell(1997);7b75b2c4_Photorece:retinal rod cell(7073);e6dad530_All_cell_:amacrine cell(6317);e6dad530_All_cell_:retinal cone cell(1777);e6dad530_All_cell_:retinal rod cell(62523);e6dad530_All_cell_:retinal ganglion cell(2433);e6dad530_All_cell_:retina horizontal cell(1913)	1	2adb1f8a_Construct:neuron(17410)	0	
brain inhibitory neurons	S19	0.2483	49	no	no				UNMAPPED_NO_WITNESS	0	0		0					2adb1f8a_Construct:neuron(17410);7b75b2c4_Photorece:retinal cone cell(1997);7b75b2c4_Photorece:retinal rod cell(7073);e6dad530_All_cell_:amacrine cell(6317);e6dad530_All_cell_:retinal cone cell(1777);e6dad530_All_cell_:retinal rod cell(62523);e6dad530_All_cell_:retinal ganglion cell(2433);e6dad530_All_cell_:retina horizontal cell(1913)	0		0	
brain inhibitory neurons	S26	0.2483	49	no	no				UNMAPPED_CONTAINMENT_CANDIDATE	0	0		0		3	CL:0000540 neuron @ e6dad530_All_cell_types_of_human_eye.h5ad:retinal rod cell	62523	2adb1f8a_Construct:neuron(17410);7b75b2c4_Photorece:retinal cone cell(1997);7b75b2c4_Photorece:retinal rod cell(7073);e6dad530_All_cell_:amacrine cell(6317);e6dad530_All_cell_:retinal cone cell(1777);e6dad530_All_cell_:retinal rod cell(62523);e6dad530_All_cell_:retinal ganglion cell(2433);e6dad530_All_cell_:retina horizontal cell(1913)	1	2adb1f8a_Construct:neuron(17410)	0	
breast hormone-responsive cells	S19	-0.2176	104	no	no				UNMAPPED_NO_WITNESS	0	0		0					2adb1f8a_Construct:neuron(17410);7b75b2c4_Photorece:retinal cone cell(1997);7b75b2c4_Photorece:retinal rod cell(7073);e6dad530_All_cell_:amacrine cell(6317);e6dad530_All_cell_:retinal cone cell(1777);e6dad530_All_cell_:retinal rod cell(62523);e6dad530_All_cell_:retinal ganglion cell(2433);e6dad530_All_cell_:retina horizontal cell(1913)	0		0	
breast hormone-responsive cells	S26	-0.2176	104	no	no				UNMAPPED_NO_WITNESS	0	0		0					2adb1f8a_Construct:neuron(17410);7b75b2c4_Photorece:retinal cone cell(1997);7b75b2c4_Photorece:retinal rod cell(7073);e6dad530_All_cell_:amacrine cell(6317);e6dad530_All_cell_:retinal cone cell(1777);e6dad530_All_cell_:retinal rod cell(62523);e6dad530_All_cell_:retinal ganglion cell(2433);e6dad530_All_cell_:retina horizontal cell(1913)	0		0	
breast lactating cells	S19	-0.0808	95	no	no				UNMAPPED_NO_WITNESS	0	0		0					2adb1f8a_Construct:neuron(17410);7b75b2c4_Photorece:retinal cone cell(1997);7b75b2c4_Photorece:retinal rod cell(7073);e6dad530_All_cell_:amacrine cell(6317);e6dad530_All_cell_:retinal cone cell(1777);e6dad530_All_cell_:retinal rod cell(62523);e6dad530_All_cell_:retinal ganglion cell(2433);e6dad530_All_cell_:retina horizontal cell(1913)	0		0	
breast lactating cells	S26	-0.0808	95	no	no				UNMAPPED_NO_WITNESS	0	0		0					2adb1f8a_Construct:neuron(17410);7b75b2c4_Photorece:retinal cone cell(1997);7b75b2c4_Photorece:retinal rod cell(7073);e6dad530_All_cell_:amacrine cell(6317);e6dad530_All_cell_:retinal cone cell(1777);e6dad530_All_cell_:retinal rod cell(62523);e6dad530_All_cell_:retinal ganglion cell(2433);e6dad530_All_cell_:retina horizontal cell(1913)	0		0	
breast myoepithelial cells	S19	0.119	71	no	no				UNMAPPED_CONTAINMENT_CANDIDATE	0	0		0		3	CL:0000185 myoepithelial cell @ TS_testis.h5ad:peritubular myoid cell	67	TS_testis.h5ad:peritubular myoid cell(67)	0		0	
breast myoepithelial cells	S26	0.119	71	no	no				UNMAPPED_CONTAINMENT_CANDIDATE	0	0		0		3	CL:0000185 myoepithelial cell @ TS_testis.h5ad:peritubular myoid cell	67	TS_testis.h5ad:peritubular myoid cell(67)	0		0	
breast secretory cells	S19	0.1285	68	no	no				UNMAPPED_CONTAINMENT_CANDIDATE	0	0		0		3	CL:0000151 secretory cell @ TS_small_intestine.h5ad:small intestine goblet cell	2044	TS_Vasculature_cel:mast cell(159);TS_large_intestine:mast cell(393);TS_muscle.h5ad:mast cell(66);TS_skin.h5ad:mast cell(2001);TS_small_intestine:mast cell(250);TS_uterus.h5ad:mast cell(65);Krasnow_lung_10X.h:club cell(931);TS_skin.h5ad:sebocyte(135)	0		0	
breast secretory cells	S26	0.1285	68	no	no				UNMAPPED_CONTAINMENT_CANDIDATE	0	0		0		3	CL:0000151 secretory cell @ e6dad530_All_cell_types_of_human_eye.h5ad:retinal bipolar neuron	16695	TS_Vasculature_cel:mast cell(159);TS_large_intestine:mast cell(393);TS_muscle.h5ad:mast cell(66);TS_skin.h5ad:mast cell(2001);TS_small_intestine:mast cell(250);TS_uterus.h5ad:mast cell(65);Krasnow_lung_10X.h:club cell(931);TS_skin.h5ad:sebocyte(135)	0		0	
cone photoreceptor cells	S19	-1.2095	151	yes	no				UNMAPPED_NO_WITNESS	0	0		0						0		0	
cone photoreceptor cells	S26	-1.2095	151	yes	no				UNMAPPED_CONTAINMENT_CANDIDATE	0	0		0		3	CL:0000210 photoreceptor cell @ e6dad530_All_cell_types_of_human_eye.h5ad:retinal rod cell	62523	7b75b2c4_Photorece:retinal cone cell(1997);7b75b2c4_Photorece:retinal rod cell(7073);e6dad530_All_cell_:retinal cone cell(1777);e6dad530_All_cell_:retinal rod cell(62523)	0		0	
cytotrophoblasts	S19	0.0607	79	no	no				UNMAPPED_NO_WITNESS	0	0		0						0		0	
cytotrophoblasts	S26	0.0607	79	no	no				UNMAPPED_NO_WITNESS	0	0		0						0		0	
endometrial ciliated cells	S19	0.0674	77	no	no				UNMAPPED_CONTAINMENT_CANDIDATE	0	0		0		3	CL:0000064 ciliated cell @ Krasnow_lung_10X.h5ad:lung multiciliated epithelial cell	1321	Krasnow_lung_10X.h:ciliated cell(88);TS_uterus.h5ad:ciliated epithelial cell(320);Krasnow_lung_10X.h:lung multiciliated epithelial cell(1321)	1	Krasnow_lung_10X.h:ciliated cell(88)	0	
endometrial ciliated cells	S26	0.0674	77	no	no				UNMAPPED_CONTAINMENT_CANDIDATE	0	0		0		3	CL:0000064 ciliated cell @ cfa755c1_Supercluster__Choroid_plexus.h5ad:choroid plexus epithelial cell	7689	Krasnow_lung_10X.h:ciliated cell(88);TS_uterus.h5ad:ciliated epithelial cell(320);Krasnow_lung_10X.h:lung multiciliated epithelial cell(1321);cfa755c1_Superclus:choroid plexus epithelial cell(7689)	1	Krasnow_lung_10X.h:ciliated cell(88)	0	
endometrial glandular cells	S19	0.2022	57	no	no				UNMAPPED_NO_WITNESS	0	0		0					Krasnow_lung_10X.h:ciliated cell(88);TS_uterus.h5ad:ciliated epithelial cell(320);Krasnow_lung_10X.h:lung multiciliated epithelial cell(1321);cfa755c1_Superclus:choroid plexus epithelial cell(7689)	0		0	
endometrial glandular cells	S26	0.2022	57	no	no				UNMAPPED_NO_WITNESS	0	0		0					Krasnow_lung_10X.h:ciliated cell(88);TS_uterus.h5ad:ciliated epithelial cell(320);Krasnow_lung_10X.h:lung multiciliated epithelial cell(1321);cfa755c1_Superclus:choroid plexus epithelial cell(7689)	0		0	
endometrial luminal cells	S19	0.0395	80	no	no				UNMAPPED_NO_WITNESS	0	0		0					Krasnow_lung_10X.h:ciliated cell(88);TS_uterus.h5ad:ciliated epithelial cell(320);Krasnow_lung_10X.h:lung multiciliated epithelial cell(1321);cfa755c1_Superclus:choroid plexus epithelial cell(7689)	0		0	
endometrial luminal cells	S26	0.0395	80	no	no				UNMAPPED_NO_WITNESS	0	0		0					Krasnow_lung_10X.h:ciliated cell(88);TS_uterus.h5ad:ciliated epithelial cell(320);Krasnow_lung_10X.h:lung multiciliated epithelial cell(1321);cfa755c1_Superclus:choroid plexus epithelial cell(7689)	0		0	
endometrial secretory cells	S19	0.2363	53	no	no				UNMAPPED_CONTAINMENT_CANDIDATE	0	0		0		3	CL:0000151 secretory cell @ TS_small_intestine.h5ad:small intestine goblet cell	2044	TS_Vasculature_cel:mast cell(159);TS_large_intestine:mast cell(393);TS_muscle.h5ad:mast cell(66);TS_skin.h5ad:mast cell(2001);TS_small_intestine:mast cell(250);TS_uterus.h5ad:mast cell(65);Krasnow_lung_10X.h:club cell(931);TS_skin.h5ad:sebocyte(135)	0		0	
endometrial secretory cells	S26	0.2363	53	no	no				UNMAPPED_CONTAINMENT_CANDIDATE	0	0		0		3	CL:0000151 secretory cell @ e6dad530_All_cell_types_of_human_eye.h5ad:retinal bipolar neuron	16695	TS_Vasculature_cel:mast cell(159);TS_large_intestine:mast cell(393);TS_muscle.h5ad:mast cell(66);TS_skin.h5ad:mast cell(2001);TS_small_intestine:mast cell(250);TS_uterus.h5ad:mast cell(65);Krasnow_lung_10X.h:club cell(931);TS_skin.h5ad:sebocyte(135)	0		0	
enteric stem cells	S19	-0.0146	87	no	no				UNMAPPED_CONTAINMENT_CANDIDATE	0	0		0		3	CL:0000034 stem cell @ TS_muscle.h5ad:mesenchymal stem cell	23482	TS_bone_marrow.h5a:hematopoietic stem cell(792);TS_muscle.h5ad:mesenchymal stem cell(23482);Krasnow_lung_10X.h:basal cell(312);Krasnow_lung_10X.h:respiratory basal cell(593);TS_muscle.h5ad:skeletal muscle satellite stem cell(6152);TS_small_intestine:intestinal crypt stem cell of small intestine(587);TS_large_intestine:intestinal crypt stem cell of colon(1732)	0		0	
enteric stem cells	S26	-0.0146	87	no	no				UNMAPPED_CONTAINMENT_CANDIDATE	0	0		0		3	CL:0000034 stem cell @ TS_muscle.h5ad:mesenchymal stem cell	23482	TS_bone_marrow.h5a:hematopoietic stem cell(792);TS_muscle.h5ad:mesenchymal stem cell(23482);Krasnow_lung_10X.h:basal cell(312);Krasnow_lung_10X.h:respiratory basal cell(593);TS_muscle.h5ad:skeletal muscle satellite stem cell(6152);TS_small_intestine:intestinal crypt stem cell of small intestine(587);TS_large_intestine:intestinal crypt stem cell of colon(1732);2adb1f8a_Construct:mesenchymal stem cell(22915)	0		0	
enteric transient amplifying cells	S19	0.1235	70	no	no				UNMAPPED_NO_WITNESS	0	0		0					TS_bone_marrow.h5a:hematopoietic stem cell(792);TS_muscle.h5ad:mesenchymal stem cell(23482);Krasnow_lung_10X.h:basal cell(312);Krasnow_lung_10X.h:respiratory basal cell(593);TS_muscle.h5ad:skeletal muscle satellite stem cell(6152);TS_small_intestine:intestinal crypt stem cell of small intestine(587);TS_large_intestine:intestinal crypt stem cell of colon(1732);2adb1f8a_Construct:mesenchymal stem cell(22915)	0		0	
enteric transient amplifying cells	S26	0.1235	70	no	no				UNMAPPED_NO_WITNESS	0	0		0					TS_bone_marrow.h5a:hematopoietic stem cell(792);TS_muscle.h5ad:mesenchymal stem cell(23482);Krasnow_lung_10X.h:basal cell(312);Krasnow_lung_10X.h:respiratory basal cell(593);TS_muscle.h5ad:skeletal muscle satellite stem cell(6152);TS_small_intestine:intestinal crypt stem cell of small intestine(587);TS_large_intestine:intestinal crypt stem cell of colon(1732);2adb1f8a_Construct:mesenchymal stem cell(22915)	0		0	
epicardial cells	S19	-0.6426	126	yes	no				UNMAPPED_NO_WITNESS	0	0		0						0		0	
epicardial cells	S26	-0.6426	126	yes	no				UNMAPPED_NO_WITNESS	0	0		0						0		0	
epididymal basal cells	S19	0.7053	18	no	no				UNMAPPED_CONTAINMENT_CANDIDATE	0	0		0		3	CL:0000646 basal cell @ Krasnow_lung_10X.h5ad:respiratory basal cell	593	Krasnow_lung_10X.h:basal cell(312);Krasnow_lung_10X.h:respiratory basal cell(593)	1	Krasnow_lung_10X.h:basal cell(312)	0	
epididymal basal cells	S26	0.7053	18	no	no				UNMAPPED_CONTAINMENT_CANDIDATE	0	0		0		3	CL:0000646 basal cell @ 2adb1f8a_Construction_of_a_human_cell_landscape_at_single.h5ad:basal cell	6538	Krasnow_lung_10X.h:basal cell(312);Krasnow_lung_10X.h:respiratory basal cell(593);2adb1f8a_Construct:basal cell(6538);3e524d45_Human_adu:basal cell of urothelium(6335);8e5978bd_Adult_bla:basal cell of urothelium(5179)	2	Krasnow_lung_10X.h:basal cell(312);2adb1f8a_Construct:basal cell(6538)	0	
epididymal clear cells	S19	0.125	69	no	no				UNMAPPED_NO_WITNESS	0	0		0					Krasnow_lung_10X.h:basal cell(312);Krasnow_lung_10X.h:respiratory basal cell(593);2adb1f8a_Construct:basal cell(6538);3e524d45_Human_adu:basal cell of urothelium(6335);8e5978bd_Adult_bla:basal cell of urothelium(5179)	0		0	
epididymal clear cells	S26	0.125	69	no	no				UNMAPPED_NO_WITNESS	0	0		0					Krasnow_lung_10X.h:basal cell(312);Krasnow_lung_10X.h:respiratory basal cell(593);2adb1f8a_Construct:basal cell(6538);3e524d45_Human_adu:basal cell of urothelium(6335);8e5978bd_Adult_bla:basal cell of urothelium(5179)	0		0	
epididymal efferent duct absorptive cells	S19	0.493	33	no	no				UNMAPPED_NO_WITNESS	0	0		0					Krasnow_lung_10X.h:basal cell(312);Krasnow_lung_10X.h:respiratory basal cell(593);2adb1f8a_Construct:basal cell(6538);3e524d45_Human_adu:basal cell of urothelium(6335);8e5978bd_Adult_bla:basal cell of urothelium(5179)	0		0	
epididymal efferent duct absorptive cells	S26	0.493	33	no	no				UNMAPPED_NO_WITNESS	0	0		0					Krasnow_lung_10X.h:basal cell(312);Krasnow_lung_10X.h:respiratory basal cell(593);2adb1f8a_Construct:basal cell(6538);3e524d45_Human_adu:basal cell of urothelium(6335);8e5978bd_Adult_bla:basal cell of urothelium(5179)	0		0	
epididymal efferent duct ciliated cells	S19	0.6892	21	no	no				UNMAPPED_CONTAINMENT_CANDIDATE	0	0		0		3	CL:0000064 ciliated cell @ Krasnow_lung_10X.h5ad:lung multiciliated epithelial cell	1321	Krasnow_lung_10X.h:ciliated cell(88);TS_uterus.h5ad:ciliated epithelial cell(320);Krasnow_lung_10X.h:lung multiciliated epithelial cell(1321)	1	Krasnow_lung_10X.h:ciliated cell(88)	0	
epididymal efferent duct ciliated cells	S26	0.6892	21	no	no				UNMAPPED_CONTAINMENT_CANDIDATE	0	0		0		3	CL:0000064 ciliated cell @ cfa755c1_Supercluster__Choroid_plexus.h5ad:choroid plexus epithelial cell	7689	Krasnow_lung_10X.h:ciliated cell(88);TS_uterus.h5ad:ciliated epithelial cell(320);Krasnow_lung_10X.h:lung multiciliated epithelial cell(1321);cfa755c1_Superclus:choroid plexus epithelial cell(7689)	1	Krasnow_lung_10X.h:ciliated cell(88)	0	
epididymal principal cells	S19	0.4202	37	no	no				UNMAPPED_NO_WITNESS	0	0		0					Krasnow_lung_10X.h:ciliated cell(88);TS_uterus.h5ad:ciliated epithelial cell(320);Krasnow_lung_10X.h:lung multiciliated epithelial cell(1321);cfa755c1_Superclus:choroid plexus epithelial cell(7689)	0		0	
epididymal principal cells	S26	0.4202	37	no	no				UNMAPPED_NO_WITNESS	0	0		0					Krasnow_lung_10X.h:ciliated cell(88);TS_uterus.h5ad:ciliated epithelial cell(320);Krasnow_lung_10X.h:lung multiciliated epithelial cell(1321);cfa755c1_Superclus:choroid plexus epithelial cell(7689)	0		0	
esophageal apical cells	S19	1.3885	3	no	no				UNMAPPED_NO_WITNESS	0	0		0						0		0	
esophageal apical cells	S26	1.3885	3	no	no				UNMAPPED_NO_WITNESS	0	0		0						0		0	
esophageal basal cells	S19	0.2893	46	no	no				UNMAPPED_CONTAINMENT_CANDIDATE	0	0		0		3	CL:0000646 basal cell @ Krasnow_lung_10X.h5ad:respiratory basal cell	593	Krasnow_lung_10X.h:basal cell(312);Krasnow_lung_10X.h:respiratory basal cell(593)	1	Krasnow_lung_10X.h:basal cell(312)	0	
esophageal basal cells	S26	0.2893	46	no	no				UNMAPPED_CONTAINMENT_CANDIDATE	0	0		0		3	CL:0000646 basal cell @ 2adb1f8a_Construction_of_a_human_cell_landscape_at_single.h5ad:basal cell	6538	Krasnow_lung_10X.h:basal cell(312);Krasnow_lung_10X.h:respiratory basal cell(593);2adb1f8a_Construct:basal cell(6538);3e524d45_Human_adu:basal cell of urothelium(6335);8e5978bd_Adult_bla:basal cell of urothelium(5179)	2	Krasnow_lung_10X.h:basal cell(312);2adb1f8a_Construct:basal cell(6538)	0	
esophageal suprabasal cells	S19	0.421	36	no	no				UNMAPPED_NO_WITNESS	0	0		0					Krasnow_lung_10X.h:basal cell(312);Krasnow_lung_10X.h:respiratory basal cell(593);2adb1f8a_Construct:basal cell(6538);3e524d45_Human_adu:basal cell of urothelium(6335);8e5978bd_Adult_bla:basal cell of urothelium(5179)	0		0	
esophageal suprabasal cells	S26	0.421	36	no	no				UNMAPPED_NO_WITNESS	0	0		0					Krasnow_lung_10X.h:basal cell(312);Krasnow_lung_10X.h:respiratory basal cell(593);2adb1f8a_Construct:basal cell(6538);3e524d45_Human_adu:basal cell of urothelium(6335);8e5978bd_Adult_bla:basal cell of urothelium(5179)	0		0	
fallopian secretory cells	S19	0.7031	19	no	no				UNMAPPED_CONTAINMENT_CANDIDATE	0	0		0		3	CL:0000151 secretory cell @ TS_small_intestine.h5ad:small intestine goblet cell	2044	TS_Vasculature_cel:mast cell(159);TS_large_intestine:mast cell(393);TS_muscle.h5ad:mast cell(66);TS_skin.h5ad:mast cell(2001);TS_small_intestine:mast cell(250);TS_uterus.h5ad:mast cell(65);Krasnow_lung_10X.h:club cell(931);TS_skin.h5ad:sebocyte(135)	0		0	
fallopian secretory cells	S26	0.7031	19	no	no				UNMAPPED_CONTAINMENT_CANDIDATE	0	0		0		3	CL:0000151 secretory cell @ e6dad530_All_cell_types_of_human_eye.h5ad:retinal bipolar neuron	16695	TS_Vasculature_cel:mast cell(159);TS_large_intestine:mast cell(393);TS_muscle.h5ad:mast cell(66);TS_skin.h5ad:mast cell(2001);TS_small_intestine:mast cell(250);TS_uterus.h5ad:mast cell(65);Krasnow_lung_10X.h:club cell(931);TS_skin.h5ad:sebocyte(135)	0		0	
foveolar cells	S19	0.5287	30	no	no				UNMAPPED_NO_WITNESS	0	0		0						0		0	
foveolar cells	S26	0.5287	30	no	no				UNMAPPED_NO_WITNESS	0	0		0						0		0	
gastric progenitor cells	S19	0.3323	44	no	no				UNMAPPED_CONTAINMENT_CANDIDATE	0	0		0		3	CL:0011026 progenitor cell @ HLiCA_myeloid.h5ad:classical monocyte	23980	TS_bone_marrow.h5a:hematopoietic stem cell(792);TS_bone_marrow.h5a:erythroid progenitor cell(971);Krasnow_lung_10X.h:club cell(931);HLiCA_myeloid.h5ad:monocyte(4640);Krasnow_lung_10X.h:monocyte(207);TS_Vasculature_cel:monocyte(427);TS_bone_marrow.h5a:monocyte(2040);TS_kidney.h5ad:monocyte(54)	0		0	
gastric progenitor cells	S26	0.3323	44	no	no				UNMAPPED_CONTAINMENT_CANDIDATE	0	0		0		3	CL:0011026 progenitor cell @ HLiCA_myeloid.h5ad:classical monocyte	23980	TS_bone_marrow.h5a:hematopoietic stem cell(792);TS_bone_marrow.h5a:erythroid progenitor cell(971);Krasnow_lung_10X.h:club cell(931);HLiCA_myeloid.h5ad:monocyte(4640);Krasnow_lung_10X.h:monocyte(207);TS_Vasculature_cel:monocyte(427);TS_bone_marrow.h5a:monocyte(2040);TS_kidney.h5ad:monocyte(54)	0		0	
lacrimal acinar cells	S19	0.3107	45	no	no				UNMAPPED_NO_WITNESS	0	0		0						0		0	
lacrimal acinar cells	S26	0.3107	45	no	no				UNMAPPED_CONTAINMENT_CANDIDATE	0	0		0		3	CL:0000622 acinar cell @ 2adb1f8a_Construction_of_a_human_cell_landscape_at_single.h5ad:acinar cell	3284	2adb1f8a_Construct:acinar cell(3284)	1	2adb1f8a_Construct:acinar cell(3284)	0	
loop of henle epithelial cells	S19	-0.455	118	yes	no				UNMAPPED_CONTAINMENT_CANDIDATE	0	0		0		3	CL:0000066 epithelial cell @ HLiCA_hepatocyte.h5ad:hepatocyte	103519	Krasnow_lung_10X.h:epithelial cell(669);TS_muscle.h5ad:epithelial cell(57);TS_uterus.h5ad:ciliated epithelial cell(320);Krasnow_lung_10X.h:club cell(931);HLiCA_hepatocyte.h:hepatocyte(103519);TS_skin.h5ad:sebocyte(135);Krasnow_lung_10X.h:pulmonary alveolar type 1 cell(972);Krasnow_lung_10X.h:pulmonary alveolar type 2 cell(3814)	2	Krasnow_lung_10X.h:epithelial cell(669);TS_muscle.h5ad:epithelial cell(57)	0	
loop of henle epithelial cells	S26	-0.455	118	yes	no				UNMAPPED_CONTAINMENT_CANDIDATE	0	0		0		3	CL:1000909 kidney loop of Henle epithelial cell @ 2adb1f8a_Construction_of_a_human_cell_landscape_at_single.h5ad:kidney loop of Henle epithelial cell	8628	2adb1f8a_Construct:kidney loop of Henle epithelial cell(8628)	5	Krasnow_lung_10X.h:epithelial cell(669);TS_muscle.h5ad:epithelial cell(57);2adb1f8a_Construct:epithelial cell(82683);2adb1f8a_Construct:kidney loop of Henle epithelial cell(8628);43dc52cb_Human_emb:epithelial cell(6492)	0	
migrating cytotrophoblasts	S19	0.7587	15	no	no				UNMAPPED_NO_WITNESS	0	0		0						0		0	
migrating cytotrophoblasts	S26	0.7587	15	no	no				UNMAPPED_NO_WITNESS	0	0		0						0		0	
myonuclei	S19	-0.7099	131	yes	no				UNMAPPED_NO_WITNESS	0	0		0						0		0	
myonuclei	S26	-0.7099	131	yes	no				UNMAPPED_NO_WITNESS	0	0		0						0		0	
myosatellite cells	S19	-0.6419	125	yes	no				UNMAPPED_NO_WITNESS	0	0		0						0		0	
myosatellite cells	S26	-0.6419	125	yes	no				UNMAPPED_NO_WITNESS	0	0		0						0		0	
müller glia	S19	-0.3121	111	no	no				UNMAPPED_NO_WITNESS	0	0		0						0		0	
müller glia	S26	-0.3121	111	no	no				UNMAPPED_NAME_IDENTICAL	0	0		0		2	CL:0000636 Mueller cell @ e6dad530_All_cell_types_of_human_eye.h5ad:Mueller cell	5114	e6dad530_All_cell_:Mueller cell(5114)	1	e6dad530_All_cell_:Mueller cell(5114)	0	
ocular epithelial cells	S19	0.5707	29	no	no				UNMAPPED_CONTAINMENT_CANDIDATE	0	0		0		3	CL:0000066 epithelial cell @ HLiCA_hepatocyte.h5ad:hepatocyte	103519	Krasnow_lung_10X.h:epithelial cell(669);TS_muscle.h5ad:epithelial cell(57);TS_uterus.h5ad:ciliated epithelial cell(320);Krasnow_lung_10X.h:club cell(931);HLiCA_hepatocyte.h:hepatocyte(103519);TS_skin.h5ad:sebocyte(135);Krasnow_lung_10X.h:pulmonary alveolar type 1 cell(972);Krasnow_lung_10X.h:pulmonary alveolar type 2 cell(3814)	2	Krasnow_lung_10X.h:epithelial cell(669);TS_muscle.h5ad:epithelial cell(57)	0	
ocular epithelial cells	S26	0.5707	29	no	no				UNMAPPED_CONTAINMENT_CANDIDATE	0	0		0		3	CL:0000066 epithelial cell @ HLiCA_hepatocyte.h5ad:hepatocyte	103519	Krasnow_lung_10X.h:epithelial cell(669);TS_muscle.h5ad:epithelial cell(57);TS_uterus.h5ad:ciliated epithelial cell(320);Krasnow_lung_10X.h:club cell(931);HLiCA_hepatocyte.h:hepatocyte(103519);TS_skin.h5ad:sebocyte(135);Krasnow_lung_10X.h:pulmonary alveolar type 1 cell(972);Krasnow_lung_10X.h:pulmonary alveolar type 2 cell(3814)	4	Krasnow_lung_10X.h:epithelial cell(669);TS_muscle.h5ad:epithelial cell(57);2adb1f8a_Construct:epithelial cell(82683);43dc52cb_Human_emb:epithelial cell(6492)	0	
oligodendrocyte progenitor cells	S19	0.132	66	no	no				UNMAPPED_CONTAINMENT_CANDIDATE	0	0		0		3	CL:0011026 progenitor cell @ HLiCA_myeloid.h5ad:classical monocyte	23980	TS_bone_marrow.h5a:hematopoietic stem cell(792);TS_bone_marrow.h5a:erythroid progenitor cell(971);Krasnow_lung_10X.h:club cell(931);HLiCA_myeloid.h5ad:monocyte(4640);Krasnow_lung_10X.h:monocyte(207);TS_Vasculature_cel:monocyte(427);TS_bone_marrow.h5a:monocyte(2040);TS_kidney.h5ad:monocyte(54)	0		0	
oligodendrocyte progenitor cells	S26	0.132	66	no	no				UNMAPPED_CONTAINMENT_CANDIDATE	0	0		0		3	CL:0000128 oligodendrocyte @ 2adb1f8a_Construction_of_a_human_cell_landscape_at_single.h5ad:oligodendrocyte	7771	2adb1f8a_Construct:oligodendrocyte(7771)	1	2adb1f8a_Construct:oligodendrocyte(7771)	0	
other brain neurons	S19	0.3568	43	no	no				UNMAPPED_NO_WITNESS	0	0		0						0		0	
other brain neurons	S26	0.3568	43	no	no				UNMAPPED_CONTAINMENT_CANDIDATE	0	0		0		3	CL:0000540 neuron @ e6dad530_All_cell_types_of_human_eye.h5ad:retinal rod cell	62523	2adb1f8a_Construct:neuron(17410);7b75b2c4_Photorece:retinal cone cell(1997);7b75b2c4_Photorece:retinal rod cell(7073);e6dad530_All_cell_:amacrine cell(6317);e6dad530_All_cell_:retinal cone cell(1777);e6dad530_All_cell_:retinal rod cell(62523);e6dad530_All_cell_:retinal ganglion cell(2433);e6dad530_All_cell_:retina horizontal cell(1913)	1	2adb1f8a_Construct:neuron(17410)	0	
pancreatic duct cells	S19	0.7085	17	no	no				UNMAPPED_NO_WITNESS	0	0		0						0		0	
pancreatic duct cells	S26	0.7085	17	no	no				UNMAPPED_NO_WITNESS	0	0		0						0		0	
papillary tip epithelial cells	S19	-0.0894	96	no	no				UNMAPPED_CONTAINMENT_CANDIDATE	0	0		0		3	CL:0000066 epithelial cell @ HLiCA_hepatocyte.h5ad:hepatocyte	103519	Krasnow_lung_10X.h:epithelial cell(669);TS_muscle.h5ad:epithelial cell(57);TS_uterus.h5ad:ciliated epithelial cell(320);Krasnow_lung_10X.h:club cell(931);HLiCA_hepatocyte.h:hepatocyte(103519);TS_skin.h5ad:sebocyte(135);Krasnow_lung_10X.h:pulmonary alveolar type 1 cell(972);Krasnow_lung_10X.h:pulmonary alveolar type 2 cell(3814)	2	Krasnow_lung_10X.h:epithelial cell(669);TS_muscle.h5ad:epithelial cell(57)	0	
papillary tip epithelial cells	S26	-0.0894	96	no	no				UNMAPPED_CONTAINMENT_CANDIDATE	0	0		0		3	CL:0000066 epithelial cell @ HLiCA_hepatocyte.h5ad:hepatocyte	103519	Krasnow_lung_10X.h:epithelial cell(669);TS_muscle.h5ad:epithelial cell(57);TS_uterus.h5ad:ciliated epithelial cell(320);Krasnow_lung_10X.h:club cell(931);HLiCA_hepatocyte.h:hepatocyte(103519);TS_skin.h5ad:sebocyte(135);Krasnow_lung_10X.h:pulmonary alveolar type 1 cell(972);Krasnow_lung_10X.h:pulmonary alveolar type 2 cell(3814)	4	Krasnow_lung_10X.h:epithelial cell(669);TS_muscle.h5ad:epithelial cell(57);2adb1f8a_Construct:epithelial cell(82683);43dc52cb_Human_emb:epithelial cell(6492)	0	
pituicytes/fscs	S19	-0.1325	101	no	no				UNMAPPED_NO_WITNESS	0	0		0						0		0	
pituicytes/fscs	S26	-0.1325	101	no	no				UNMAPPED_NO_WITNESS	0	0		0						0		0	
pituitary stem cells	S19	-0.4287	117	yes	no				UNMAPPED_CONTAINMENT_CANDIDATE	0	0		0		3	CL:0000034 stem cell @ TS_muscle.h5ad:mesenchymal stem cell	23482	TS_bone_marrow.h5a:hematopoietic stem cell(792);TS_muscle.h5ad:mesenchymal stem cell(23482);Krasnow_lung_10X.h:basal cell(312);Krasnow_lung_10X.h:respiratory basal cell(593);TS_muscle.h5ad:skeletal muscle satellite stem cell(6152);TS_small_intestine:intestinal crypt stem cell of small intestine(587);TS_large_intestine:intestinal crypt stem cell of colon(1732)	0		0	
pituitary stem cells	S26	-0.4287	117	yes	no				UNMAPPED_CONTAINMENT_CANDIDATE	0	0		0		3	CL:0000034 stem cell @ TS_muscle.h5ad:mesenchymal stem cell	23482	TS_bone_marrow.h5a:hematopoietic stem cell(792);TS_muscle.h5ad:mesenchymal stem cell(23482);Krasnow_lung_10X.h:basal cell(312);Krasnow_lung_10X.h:respiratory basal cell(593);TS_muscle.h5ad:skeletal muscle satellite stem cell(6152);TS_small_intestine:intestinal crypt stem cell of small intestine(587);TS_large_intestine:intestinal crypt stem cell of colon(1732);2adb1f8a_Construct:mesenchymal stem cell(22915)	0		0	
prostatic club cells	S19	0.8258	12	no	no				UNMAPPED_CONTAINMENT_CANDIDATE	0	0		0		3	CL:0000158 club cell @ Krasnow_lung_10X.h5ad:club cell	931	Krasnow_lung_10X.h:club cell(931)	1	Krasnow_lung_10X.h:club cell(931)	0	
prostatic club cells	S26	0.8258	12	no	no				UNMAPPED_CONTAINMENT_CANDIDATE	0	0		0		3	CL:0000158 club cell @ Krasnow_lung_10X.h5ad:club cell	931	Krasnow_lung_10X.h:club cell(931)	1	Krasnow_lung_10X.h:club cell(931)	0	
prostatic glandular cells	S19	0.1407	65	no	no				UNMAPPED_NO_WITNESS	0	0		0					Krasnow_lung_10X.h:club cell(931)	0		0	
prostatic glandular cells	S26	0.1407	65	no	no				UNMAPPED_NO_WITNESS	0	0		0					Krasnow_lung_10X.h:club cell(931)	0		0	
prostatic hillock cells	S19	0.5759	26	no	no				UNMAPPED_NO_WITNESS	0	0		0					Krasnow_lung_10X.h:club cell(931)	0		0	
prostatic hillock cells	S26	0.5759	26	no	no				UNMAPPED_NO_WITNESS	0	0		0					Krasnow_lung_10X.h:club cell(931)	0		0	
renal collecting duct intercalated cells	S19	-0.3092	110	no	no				UNMAPPED_NO_WITNESS	0	0		0						0		0	
renal collecting duct intercalated cells	S26	-0.3092	110	no	no				UNMAPPED_CONTAINMENT_CANDIDATE	0	0		0		3	CL:0005010 renal intercalated cell @ 2adb1f8a_Construction_of_a_human_cell_landscape_at_single.h5ad:renal intercalated cell	4588	2adb1f8a_Construct:renal intercalated cell(4588)	1	2adb1f8a_Construct:renal intercalated cell(4588)	0	
renal collecting duct principal cells	S19	-0.1203	100	no	no				UNMAPPED_NO_WITNESS	0	0		0					2adb1f8a_Construct:renal intercalated cell(4588)	0		0	
renal collecting duct principal cells	S26	-0.1203	100	no	no				UNMAPPED_NO_WITNESS	0	0		0					2adb1f8a_Construct:renal intercalated cell(4588)	0		0	
renal connecting tubule cells	S19	-0.4789	119	yes	no				UNMAPPED_NO_WITNESS	0	0		0					2adb1f8a_Construct:renal intercalated cell(4588)	0		0	
renal connecting tubule cells	S26	-0.4789	119	yes	no				UNMAPPED_NO_WITNESS	0	0		0					2adb1f8a_Construct:renal intercalated cell(4588)	0		0	
retinal amacrine cells	S19	-0.6418	124	yes	no				UNMAPPED_NO_WITNESS	0	0		0						0		0	
retinal amacrine cells	S26	-0.6418	124	yes	no				UNMAPPED_CONTAINMENT_CANDIDATE	0	0		0		3	CL:0000561 amacrine cell @ e6dad530_All_cell_types_of_human_eye.h5ad:amacrine cell	6317	e6dad530_All_cell_:amacrine cell(6317)	1	e6dad530_All_cell_:amacrine cell(6317)	0	
retinal bipolar cells	S19	-0.7438	132	yes	no				UNMAPPED_NO_WITNESS	0	0		0					e6dad530_All_cell_:amacrine cell(6317)	0		0	
retinal bipolar cells	S26	-0.7438	132	yes	no				UNMAPPED_CONTAINMENT_CANDIDATE	0	0		0		3	CL:0009004 retinal cell @ e6dad530_All_cell_types_of_human_eye.h5ad:retinal rod cell	62523	7b75b2c4_Photorece:retinal cone cell(1997);7b75b2c4_Photorece:retinal rod cell(7073);e6dad530_All_cell_:amacrine cell(6317);e6dad530_All_cell_:retinal cone cell(1777);e6dad530_All_cell_:retinal rod cell(62523);e6dad530_All_cell_:Mueller cell(5114);e6dad530_All_cell_:retinal bipolar neuron(16695);e6dad530_All_cell_:retinal pigment epithelial cell(1704)	0		0	
retinal horizontal cells	S19	-0.9251	140	yes	no				UNMAPPED_NO_WITNESS	0	0		0						0		0	
retinal horizontal cells	S26	-0.9251	140	yes	no				UNMAPPED_CONTAINMENT_CANDIDATE	0	0		0		3	CL:0009004 retinal cell @ e6dad530_All_cell_types_of_human_eye.h5ad:retinal rod cell	62523	7b75b2c4_Photorece:retinal cone cell(1997);7b75b2c4_Photorece:retinal rod cell(7073);e6dad530_All_cell_:amacrine cell(6317);e6dad530_All_cell_:retinal cone cell(1777);e6dad530_All_cell_:retinal rod cell(62523);e6dad530_All_cell_:Mueller cell(5114);e6dad530_All_cell_:retinal bipolar neuron(16695);e6dad530_All_cell_:retinal pigment epithelial cell(1704)	0		0	
rod photoreceptor cells	S19	-0.9999	142	yes	no				UNMAPPED_NO_WITNESS	0	0		0						0		0	
rod photoreceptor cells	S26	-0.9999	142	yes	no				UNMAPPED_CONTAINMENT_CANDIDATE	0	0		0		3	CL:0000210 photoreceptor cell @ e6dad530_All_cell_types_of_human_eye.h5ad:retinal rod cell	62523	7b75b2c4_Photorece:retinal cone cell(1997);7b75b2c4_Photorece:retinal rod cell(7073);e6dad530_All_cell_:retinal cone cell(1777);e6dad530_All_cell_:retinal rod cell(62523)	0		0	
salivary basal cells	S19	0.0247	83	no	no				UNMAPPED_CONTAINMENT_CANDIDATE	0	0		0		3	CL:0000646 basal cell @ Krasnow_lung_10X.h5ad:respiratory basal cell	593	Krasnow_lung_10X.h:basal cell(312);Krasnow_lung_10X.h:respiratory basal cell(593)	1	Krasnow_lung_10X.h:basal cell(312)	0	
salivary basal cells	S26	0.0247	83	no	no				UNMAPPED_CONTAINMENT_CANDIDATE	0	0		0		3	CL:0000646 basal cell @ 2adb1f8a_Construction_of_a_human_cell_landscape_at_single.h5ad:basal cell	6538	Krasnow_lung_10X.h:basal cell(312);Krasnow_lung_10X.h:respiratory basal cell(593);2adb1f8a_Construct:basal cell(6538);3e524d45_Human_adu:basal cell of urothelium(6335);8e5978bd_Adult_bla:basal cell of urothelium(5179)	2	Krasnow_lung_10X.h:basal cell(312);2adb1f8a_Construct:basal cell(6538)	0	
salivary duct cells	S19	0.6152	24	no	no				UNMAPPED_NO_WITNESS	0	0		0					Krasnow_lung_10X.h:basal cell(312);Krasnow_lung_10X.h:respiratory basal cell(593);2adb1f8a_Construct:basal cell(6538);3e524d45_Human_adu:basal cell of urothelium(6335);8e5978bd_Adult_bla:basal cell of urothelium(5179)	0		0	
salivary duct cells	S26	0.6152	24	no	no				UNMAPPED_NO_WITNESS	0	0		0					Krasnow_lung_10X.h:basal cell(312);Krasnow_lung_10X.h:respiratory basal cell(593);2adb1f8a_Construct:basal cell(6538);3e524d45_Human_adu:basal cell of urothelium(6335);8e5978bd_Adult_bla:basal cell of urothelium(5179)	0		0	
submucosal glandular cells	S19	0.4154	38	no	no				UNMAPPED_NO_WITNESS	0	0		0						0		0	
submucosal glandular cells	S26	0.4154	38	no	no				UNMAPPED_NO_WITNESS	0	0		0						0		0	
thymic myoid cells	S19	-1.2599	152	yes	no				UNMAPPED_NO_WITNESS	0	0		0						0		0	
thymic myoid cells	S26	-1.2599	152	yes	no				UNMAPPED_NO_WITNESS	0	0		0						0		0	
transitional alveolar cells	S19	0.0972	74	no	no				UNMAPPED_NO_WITNESS	0	0		0						0		0	
transitional alveolar cells	S26	0.0972	74	no	no				UNMAPPED_NO_WITNESS	0	0		0						0		0	
