convention	hpa_cell_type	cl_id	atlas	low_end	constructive_zero	atlas_terms	n_atlas_terms	n_cells	reference_delta	atlas_delta	atlas_delta_z
A	erythrocytes	CL:0000232	TS_Vasculature_cellxgene_source.h5ad	True	False	CL:0000232	1	83	-2.0367722408262794	0.105583	-3.215986
A	erythrocytes	CL:0000232	TS_bone_marrow.h5ad	True	False	CL:0000232	1	453	-2.0367722408262794	0.323628	-2.906336
A	erythrocytes	CL:0000232	TS_muscle.h5ad	True	False	CL:0000232	1	124	-2.0367722408262794	0.528639	-1.676542
A	erythrocytes	CL:0000232	TS_prostate.h5ad	True	False	CL:0000232	1	139	-2.0367722408262794	0.187883	-2.716204
A	erythrocyte progenitors	CL:0000038	2adb1f8a_Construction_of_a_human_cell_landscape_at_single.h5ad	True	False	CL:0000038	1	12049	-1.037383626736336	1.092502	-1.105991
A	erythrocyte progenitors	CL:0000038	TS_bone_marrow.h5ad	True	False	CL:0000038	1	971	-1.037383626736336	0.713293	-1.483306
A	retinal pigment epithelial cells	CL:0002586	e6dad530_All_cell_types_of_human_eye.h5ad	True	False	CL:0002586	1	1704	-1.0245655711730601	1.020086	-1.031012
A	megakaryocyte-erythroid progenitors	CL:0000038	2adb1f8a_Construction_of_a_human_cell_landscape_at_single.h5ad	True	False	CL:0000038	1	12049	-0.9184204228504799	1.092502	-1.105991
A	megakaryocyte-erythroid progenitors	CL:0000038	TS_bone_marrow.h5ad	True	False	CL:0000038	1	971	-0.9184204228504799	0.713293	-1.483306
A	differentiating spermatogonia	CL:0000020	TS_testis.h5ad	True	False	CL:0000020	1	64	-0.7943535163432704	0.713328	-0.698289
A	sertoli cells	CL:0000216	2adb1f8a_Construction_of_a_human_cell_landscape_at_single.h5ad	True	False	CL:0000216	1	1192	-0.6768722177761943	1.290724	-0.270358
A	sertoli cells	CL:0000216	43dc52cb_Human_embryonic_male_gonadal_tissue.h5ad	True	False	CL:0000216	1	6726	-0.6768722177761943	0.983902	0.606847
A	proximal tubule cells	CL:0002306	2adb1f8a_Construction_of_a_human_cell_landscape_at_single.h5ad	True	False	CL:0002306	1	2023	-0.6551147720743185	1.042074	-1.318578
A	hematopoietic stem cells	CL:0000037	2adb1f8a_Construction_of_a_human_cell_landscape_at_single.h5ad	True	False	CL:2000095	1	9056	-0.6522252068257759	1.353604	-0.005275
A	hematopoietic stem cells	CL:0000037	TS_bone_marrow.h5ad	True	False	CL:0000037	1	792	-0.6522252068257759	1.084019	-0.12944
A	undifferentiated spermatogonia	CL:0000020	TS_testis.h5ad	True	False	CL:0000020	1	64	-0.6236066640927691	0.713328	-0.698289
A	smooth muscle cells	CL:0000192	2adb1f8a_Construction_of_a_human_cell_landscape_at_single.h5ad	True	False	CL:0000192	1	22077	-0.37224580665519746	1.341111	-0.05794
A	smooth muscle cells	CL:0000192	3e524d45_Human_adult_ureter.h5ad	True	False	CL:0000192	1	572	-0.37224580665519746	1.248262	-1.759158
A	smooth muscle cells	CL:0000192	43dc52cb_Human_embryonic_male_gonadal_tissue.h5ad	True	False	CL:0000192	1	105	-0.37224580665519746	0.811143	-1.351101
A	smooth muscle cells	CL:0000192	HBCA_vascular.h5ad	True	False	CL:0000359	1	1074	-0.37224580665519746	1.263794	-0.894704
A	smooth muscle cells	CL:0000192	Krasnow_lung_10X.h5ad	True	False	CL:0000359;CL:0002598	2	1162	-0.37224580665519746	1.33732	-0.86222
A	smooth muscle cells	CL:0000192	TS_Vasculature_cellxgene_source.h5ad	True	False	CL:0000192	1	8587	-0.37224580665519746	1.109219	0.031437
A	smooth muscle cells	CL:0000192	TS_muscle.h5ad	True	False	CL:0000192	1	218	-0.37224580665519746	0.711871	-1.092814
A	smooth muscle cells	CL:0000192	TS_prostate.h5ad	True	False	CL:0000192	1	477	-0.37224580665519746	0.747017	-0.988627
A	smooth muscle cells	CL:0000192	TS_skin.h5ad	True	False	CL:0000192	1	504	-0.37224580665519746	1.084104	-0.083117
A	smooth muscle cells	CL:0000192	TS_uterus.h5ad	True	False	CL:0000359;CL:0002366	2	4512	-0.37224580665519746	1.079864	-0.579527
A	neutrophil progenitors	CL:0000775	2adb1f8a_Construction_of_a_human_cell_landscape_at_single.h5ad	False	False	CL:0000775	1	18545	-0.11148074830859617	1.331219	-0.099645
A	neutrophil progenitors	CL:0000775	HLiCA_myeloid.h5ad	False	False	CL:0000096	1	2906	-0.11148074830859617	1.741868	2.485724
A	neutrophil progenitors	CL:0000775	TS_Vasculature_cellxgene_source.h5ad	False	False	CL:0000775	1	1440	-0.11148074830859617	1.152426	0.171242
A	neutrophil progenitors	CL:0000775	TS_bone_marrow.h5ad	False	False	CL:0000775	1	8677	-0.11148074830859617	1.00618	-0.413701
A	neutrophil progenitors	CL:0000775	TS_muscle.h5ad	False	False	CL:0000775	1	174	-0.11148074830859617	1.054217	-0.00219
A	neutrophil progenitors	CL:0000775	TS_prostate.h5ad	False	False	CL:0000775	1	261	-0.11148074830859617	1.008962	-0.179285
A	neutrophil progenitors	CL:0000775	TS_skin.h5ad	False	False	CL:0000775	1	290	-0.11148074830859617	1.245338	0.53919
A	neutrophil progenitors	CL:0000775	TS_small_intestine.h5ad	False	False	CL:0000775	1	77	-0.11148074830859617	0.86486	-1.177036
A	neutrophil progenitors	CL:0000775	TS_uterus.h5ad	False	False	CL:0000775	1	103	-0.11148074830859617	1.360689	0.433849
A	mast cells	CL:0000097	2adb1f8a_Construction_of_a_human_cell_landscape_at_single.h5ad	False	False	CL:0000097	1	1658	-0.1035310790734263	1.452944	0.413508
A	mast cells	CL:0000097	3e524d45_Human_adult_ureter.h5ad	False	False	CL:0000097	1	249	-0.1035310790734263	1.314403	-0.978742
A	mast cells	CL:0000097	TS_Vasculature_cellxgene_source.h5ad	False	False	CL:0000097	1	159	-0.1035310790734263	0.592794	-1.639537
A	mast cells	CL:0000097	TS_large_intestine.h5ad	False	False	CL:0000097	1	393	-0.1035310790734263	0.917628	-0.882888
A	mast cells	CL:0000097	TS_muscle.h5ad	False	False	CL:0000097	1	66	-0.1035310790734263	0.856758	-0.63124
A	mast cells	CL:0000097	TS_skin.h5ad	False	False	CL:0000097	1	2001	-0.1035310790734263	0.904101	-0.777864
A	mast cells	CL:0000097	TS_small_intestine.h5ad	False	False	CL:0000097	1	250	-0.1035310790734263	0.372675	-3.147671
A	mast cells	CL:0000097	TS_uterus.h5ad	False	False	CL:0000097	1	65	-0.1035310790734263	1.150407	-0.324969
A	vascular smooth muscle cells	CL:0000359	HBCA_vascular.h5ad	False	False	CL:0000359	1	1074	-0.09055465003887449	1.263794	-0.894704
A	vascular smooth muscle cells	CL:0000359	Krasnow_lung_10X.h5ad	False	False	CL:0000359	1	469	-0.09055465003887449	1.375597	-0.646799
A	vascular smooth muscle cells	CL:0000359	TS_uterus.h5ad	False	False	CL:0000359	1	3595	-0.09055465003887449	1.095367	-0.523585
A	choroid plexus epithelial cells	CL:0000706	cfa755c1_Supercluster__Choroid_plexus.h5ad	True	True	CL:0000706	1	7689	-0.0800387291068354	1.003277	-3e-06
A	peritubular myoid cells	CL:0002481	TS_testis.h5ad	False	False	CL:0002481	1	67	-0.06952607915333907	1.061067	0.360979
A	alveolar cells type 2	CL:0002063	2adb1f8a_Construction_of_a_human_cell_landscape_at_single.h5ad	False	False	CL:0002063	1	7403	-0.06798349347559068	1.45226	0.410624
A	alveolar cells type 2	CL:0002063	Krasnow_lung_10X.h5ad	False	False	CL:0002063	1	3814	-0.06798349347559068	1.110661	-2.137854
A	melanocytes	CL:0000148	TS_skin.h5ad	False	False	CL:0000148	1	106	-0.001949988733687268	0.796007	-1.19507
A	mesothelial cells	CL:0000077	2adb1f8a_Construction_of_a_human_cell_landscape_at_single.h5ad	False	False	CL:0000077;CL:0000216	2	3855	0.028007979039375176	1.574101	0.924265
A	mesothelial cells	CL:0000077	43dc52cb_Human_embryonic_male_gonadal_tissue.h5ad	False	False	CL:0000216	1	6726	0.028007979039375176	0.983902	0.606847
A	mesothelial cells	CL:0000077	TS_testis.h5ad	False	False	CL:0002481	1	67	0.028007979039375176	1.061067	0.360979
A	tuft cells	CL:0002204	TS_large_intestine.h5ad	False	False	CL:0009041	1	178	0.03402448454815358	0.52582	-2.552202
A	tuft cells	CL:0002204	TS_small_intestine.h5ad	False	False	CL:0019032	1	448	0.03402448454815358	1.269583	0.443415
A	respiratory basal cells	CL:0002633	Krasnow_lung_10X.h5ad	False	False	CL:0002633	1	593	0.06694899541305406	1.384319	-0.597712
A	cholangiocytes	CL:1000488	HLiCA_cholangiocyte.h5ad	False	False	CL:0002538;CL:1000488;CL:4047056	3	8811	0.07428179980507389	1.279515	-0.092887
A	fibroblasts	CL:0000057	2adb1f8a_Construction_of_a_human_cell_landscape_at_single.h5ad	False	False	CL:0000057	1	53467	0.10386309342483842	1.481888	0.535523
A	fibroblasts	CL:0000057	3e524d45_Human_adult_ureter.h5ad	False	False	CL:0000057	1	2541	0.10386309342483842	1.257534	-1.649755
A	fibroblasts	CL:0000057	Krasnow_lung_10X.h5ad	False	False	CL:0000057	1	1951	0.10386309342483842	1.332503	-0.889333
A	fibroblasts	CL:0000057	TS_Vasculature_cellxgene_source.h5ad	False	False	CL:0000057	1	12698	0.10386309342483842	1.046815	-0.17048
A	fibroblasts	CL:0000057	TS_large_intestine.h5ad	False	False	CL:0000057	1	2597	0.10386309342483842	1.079003	-0.195342
A	fibroblasts	CL:0000057	TS_muscle.h5ad	False	False	CL:0000388	1	420	0.10386309342483842	1.290804	0.751515
A	fibroblasts	CL:0000057	TS_prostate.h5ad	False	False	CL:0000057	1	519	0.10386309342483842	1.094702	0.085628
A	fibroblasts	CL:0000057	TS_skin.h5ad	False	False	CL:0000057	1	4133	0.10386309342483842	1.143286	0.145304
A	fibroblasts	CL:0000057	TS_small_intestine.h5ad	False	False	CL:0000057	1	493	0.10386309342483842	0.989871	-0.676513
A	fibroblasts	CL:0000057	TS_uterus.h5ad	False	False	CL:0000057	1	6593	0.10386309342483842	1.433736	0.697441
A	lymphatic endothelial cells	CL:0002138	HLiCA_endothelial.h5ad	False	False	CL:0002138	1	628	0.18692794808558313	1.251962	-1.609196
A	lymphatic endothelial cells	CL:0002138	Krasnow_lung_10X.h5ad	False	False	CL:0002138	1	467	0.18692794808558313	1.537947	0.2669
A	lymphatic endothelial cells	CL:0002138	TS_Vasculature_cellxgene_source.h5ad	False	False	CL:0002138	1	198	0.18692794808558313	1.048475	-0.165109
A	lymphatic endothelial cells	CL:0002138	TS_muscle.h5ad	False	False	CL:0002138	1	155	0.18692794808558313	1.331024	0.879645
A	lymphatic endothelial cells	CL:0002138	TS_small_intestine.h5ad	False	False	CL:0002138	1	73	0.18692794808558313	0.898492	-1.04238
A	ependymal cells	CL:0000065	cfa755c1_Supercluster__Choroid_plexus.h5ad	False	True	CL:0000706	1	7689	0.19030534952240838	1.003277	-3e-06
A	gastric chief cells	CL:0000155	2adb1f8a_Construction_of_a_human_cell_landscape_at_single.h5ad	False	False	CL:0000155	1	4973	0.19309378364679966	1.180658	-0.734357
A	innate lymphoid cells	CL:0001065	Krasnow_lung_10X.h5ad	False	False	CL:0000623	1	4769	0.21948165266438113	1.414986	-0.425123
A	innate lymphoid cells	CL:0001065	TS_Vasculature_cellxgene_source.h5ad	False	False	CL:0000623	1	242	0.21948165266438113	1.301115	0.652348
A	innate lymphoid cells	CL:0001065	TS_bone_marrow.h5ad	False	False	CL:0000623	1	1099	0.21948165266438113	1.12164	0.007951
A	innate lymphoid cells	CL:0001065	TS_kidney.h5ad	False	False	CL:0000623	1	201	0.21948165266438113	1.250029	0.309838
A	innate lymphoid cells	CL:0001065	TS_muscle.h5ad	False	False	CL:0000623	1	91	0.21948165266438113	1.176789	0.388293
A	innate lymphoid cells	CL:0001065	TS_skin.h5ad	False	False	CL:0000623	1	64	0.21948165266438113	1.004451	-0.390548
A	innate lymphoid cells	CL:0001065	TS_small_intestine.h5ad	False	False	CL:0000623	1	161	0.21948165266438113	1.190204	0.125592
A	innate lymphoid cells	CL:0001065	TS_uterus.h5ad	False	False	CL:0000623	1	92	0.21948165266438113	1.349698	0.394187
A	innate lymphoid cells	CL:0001065	synovium_RA.h5ad	False	False	CL:0000623	1	9698	0.21948165266438113	1.290768	-0.30301
A	pericytes	CL:0000669	HBCA_vascular.h5ad	False	False	CL:0000669	1	3693	0.24039918187271206	1.349255	-0.501135
A	pericytes	CL:0000669	Krasnow_lung_10X.h5ad	False	False	CL:0000669	1	1608	0.24039918187271206	1.500993	0.058927
A	pericytes	CL:0000669	TS_Vasculature_cellxgene_source.h5ad	False	False	CL:0000669	1	1771	0.24039918187271206	0.94466	-0.501019
A	pericytes	CL:0000669	TS_muscle.h5ad	False	False	CL:0000669	1	2390	0.24039918187271206	1.218361	0.520729
A	pericytes	CL:0000669	TS_uterus.h5ad	False	False	CL:0000669	1	1033	0.24039918187271206	0.847794	-1.416969
A	paneth cells	CL:0000510	TS_large_intestine.h5ad	False	False	CL:0009009	1	217	0.2421811271191973	1.04301	-0.348691
A	paneth cells	CL:0000510	TS_small_intestine.h5ad	False	False	CL:1000343	1	1853	0.2421811271191973	1.153715	-0.020504
A	nk-cells	CL:0000623	Krasnow_lung_10X.h5ad	False	False	CL:0000623	1	4769	0.2747523226366519	1.414986	-0.425123
A	nk-cells	CL:0000623	TS_Vasculature_cellxgene_source.h5ad	False	False	CL:0000623	1	242	0.2747523226366519	1.301115	0.652348
A	nk-cells	CL:0000623	TS_bone_marrow.h5ad	False	False	CL:0000623	1	1099	0.2747523226366519	1.12164	0.007951
A	nk-cells	CL:0000623	TS_kidney.h5ad	False	False	CL:0000623	1	201	0.2747523226366519	1.250029	0.309838
A	nk-cells	CL:0000623	TS_muscle.h5ad	False	False	CL:0000623	1	91	0.2747523226366519	1.176789	0.388293
A	nk-cells	CL:0000623	TS_skin.h5ad	False	False	CL:0000623	1	64	0.2747523226366519	1.004451	-0.390548
A	nk-cells	CL:0000623	TS_small_intestine.h5ad	False	False	CL:0000623	1	161	0.2747523226366519	1.190204	0.125592
A	nk-cells	CL:0000623	TS_uterus.h5ad	False	False	CL:0000623	1	92	0.2747523226366519	1.349698	0.394187
A	nk-cells	CL:0000623	synovium_RA.h5ad	False	False	CL:0000623	1	9698	0.2747523226366519	1.290768	-0.30301
A	alveolar cells type 1	CL:0002062	Krasnow_lung_10X.h5ad	False	False	CL:0002062	1	972	0.46394438715764547	1.703173	1.196789
A	hepatocytes	CL:0000182	HLiCA_hepatocyte.h5ad	False	False	CL:0000182;CL:0019026;CL:0019029	3	227189	0.46690448673783624	1.278754	0.155194
A	t-cells	CL:0000084	2adb1f8a_Construction_of_a_human_cell_landscape_at_single.h5ad	False	False	CL:0000084	1	27547	0.524545614384698	1.663735	1.302128
A	t-cells	CL:0000084	3e524d45_Human_adult_ureter.h5ad	False	False	CL:0000084;CL:0000814;CL:0000910	3	7072	0.524545614384698	1.470932	0.868163
A	t-cells	CL:0000084	Krasnow_lung_10X.h5ad	False	False	CL:0000814;CL:0000895;CL:0000900;CL:0000905;CL:0000913	5	7512	0.524545614384698	1.462367	-0.158461
A	t-cells	CL:0000084	TS_Vasculature_cellxgene_source.h5ad	False	False	CL:0000624;CL:0000625;CL:0000814	3	2775	0.524545614384698	1.139367	0.128987
A	t-cells	CL:0000084	TS_bone_marrow.h5ad	False	False	CL:0000084;CL:0000624;CL:0000625;CL:0000814	4	5971	0.524545614384698	1.32992	0.768576
A	t-cells	CL:0000084	TS_kidney.h5ad	False	False	CL:0000624;CL:0000625	2	836	0.524545614384698	1.239276	0.25685
A	t-cells	CL:0000084	TS_large_intestine.h5ad	False	False	CL:0000624;CL:0000625;CL:0000798;CL:0000815;CL:0000895	5	9919	0.524545614384698	1.379672	1.085672
A	t-cells	CL:0000084	TS_muscle.h5ad	False	False	CL:0000084;CL:0000624;CL:0000625;CL:0000814	4	2137	0.524545614384698	1.135449	0.256594
A	t-cells	CL:0000084	TS_prostate.h5ad	False	False	CL:0000624;CL:0000625;CL:0000814	3	3119	0.524545614384698	1.297102	0.710991
A	t-cells	CL:0000084	TS_skin.h5ad	False	False	CL:0000084;CL:0000624;CL:0000625;CL:0000815	4	4805	0.524545614384698	1.21327	0.415418
A	t-cells	CL:0000084	TS_small_intestine.h5ad	False	False	CL:0000624;CL:0000625;CL:0000798;CL:0000895;CL:0000896;CL:0000906	6	10580	0.524545614384698	1.306197	0.590011
A	t-cells	CL:0000084	TS_uterus.h5ad	False	False	CL:0000624;CL:0000625;CL:0000814	3	1986	0.524545614384698	1.485884	0.885622
A	t-cells	CL:0000084	synovium_RA.h5ad	False	False	CL:0000624;CL:0000798;CL:0000895;CL:0000900;CL:0000904;CL:0000905;CL:0000909;CL:0001062	8	61000	0.524545614384698	1.284902	-0.345885
A	respiratory ciliated cells	CL:4030034	Krasnow_lung_10X.h5ad	False	False	CL:1000271	1	1321	0.572022113310915	1.656209	0.932476
A	goblet cells	CL:0000160	2adb1f8a_Construction_of_a_human_cell_landscape_at_single.h5ad	False	False	CL:0000160	1	7191	0.6336416705094098	1.513459	0.668617
A	goblet cells	CL:0000160	Krasnow_lung_10X.h5ad	False	False	CL:1000143	1	159	0.6336416705094098	1.4029	-0.49314
A	goblet cells	CL:0000160	TS_large_intestine.h5ad	False	False	CL:1000320	1	1557	0.6336416705094098	1.268559	0.612269
A	goblet cells	CL:0000160	TS_small_intestine.h5ad	False	False	CL:1000495	1	2044	0.6336416705094098	1.357061	0.793662
A	cdc	CL:0000990	HLiCA_myeloid.h5ad	False	False	CL:0000990	1	11592	0.6358376400546567	1.481032	-0.680365
A	cdc	CL:0000990	Krasnow_lung_10X.h5ad	False	False	CL:0001057;CL:0002399	2	397	0.6358376400546567	1.568127	0.436755
A	cdc	CL:0000990	TS_bone_marrow.h5ad	False	False	CL:0000782	1	108	0.6358376400546567	0.930972	-0.688357
A	cdc	CL:0000990	TS_skin.h5ad	False	False	CL:0000453;CL:0000782	2	184	0.6358376400546567	1.282343	0.682015
A	cdc	CL:0000990	synovium_RA.h5ad	False	False	CL:0000782	1	6047	0.6358376400546567	1.133804	-1.450162
A	vascular endothelial cells	CL:0000115	2adb1f8a_Construction_of_a_human_cell_landscape_at_single.h5ad	False	False	CL:0000115	1	33863	0.7253195051956713	1.606976	1.062854
A	vascular endothelial cells	CL:0000115	3e524d45_Human_adult_ureter.h5ad	False	False	CL:0000115	1	634	0.7253195051956713	1.460748	0.74799
A	vascular endothelial cells	CL:0000115	43dc52cb_Human_embryonic_male_gonadal_tissue.h5ad	False	False	CL:0000115	1	414	0.7253195051956713	1.009641	0.89856
A	vascular endothelial cells	CL:0000115	HBCA_vascular.h5ad	False	False	CL:0000115	1	5165	0.7253195051956713	1.761169	1.395829
A	vascular endothelial cells	CL:0000115	HLiCA_endothelial.h5ad	False	False	CL:0000071;CL:0002138;CL:0002262;CL:0009094;CL:0019021;CL:0019022;CL:1000413	7	86328	0.7253195051956713	1.383287	0.161821
A	vascular endothelial cells	CL:0000115	Krasnow_lung_10X.h5ad	False	False	CL:0000115;CL:0002138;CL:0002144;CL:0002543;CL:1000413	5	16631	0.7253195051956713	1.677615	1.052947
A	vascular endothelial cells	CL:0000115	TS_Vasculature_cellxgene_source.h5ad	False	False	CL:0000115;CL:0002138;CL:0002144;CL:0002543;CL:1000413	5	6443	0.7253195051956713	1.296187	0.636403
A	vascular endothelial cells	CL:0000115	TS_kidney.h5ad	False	False	CL:0000115	1	101	0.7253195051956713	1.339755	0.751993
A	vascular endothelial cells	CL:0000115	TS_large_intestine.h5ad	False	False	CL:1001572	1	348	0.7253195051956713	1.336363	0.901152
A	vascular endothelial cells	CL:0000115	TS_muscle.h5ad	False	False	CL:0000115;CL:0002138;CL:0002139;CL:0002144;CL:1000413	5	7876	0.7253195051956713	1.421232	1.167022
A	vascular endothelial cells	CL:0000115	TS_prostate.h5ad	False	False	CL:0000115	1	1205	0.7253195051956713	1.174377	0.331802
A	vascular endothelial cells	CL:0000115	TS_skin.h5ad	False	False	CL:0000115	1	2076	0.7253195051956713	1.232847	0.490979
A	vascular endothelial cells	CL:0000115	TS_small_intestine.h5ad	False	False	CL:0002138;CL:1000412;CL:1000414	3	257	0.7253195051956713	1.464766	1.224896
A	vascular endothelial cells	CL:0000115	TS_testis.h5ad	False	False	CL:0000115	1	53	0.7253195051956713	1.34299	1.219763
A	vascular endothelial cells	CL:0000115	TS_uterus.h5ad	False	False	CL:0000115	1	4697	0.7253195051956713	1.565313	1.172244
A	microglia	CL:0000129	HBCA_microglia.h5ad	False	False	CL:0000129	1	88494	0.7595077062580641	1.457301	-0.999723
A	b-cells	CL:0000236	2adb1f8a_Construction_of_a_human_cell_landscape_at_single.h5ad	False	False	CL:0000236	1	7036	0.7781334249394501	1.738589	1.617686
A	b-cells	CL:0000236	3e524d45_Human_adult_ureter.h5ad	False	False	CL:0000236	1	585	0.7781334249394501	1.367248	-0.355221
A	b-cells	CL:0000236	Krasnow_lung_10X.h5ad	False	False	CL:0000236	1	725	0.7781334249394501	1.491434	0.005128
A	b-cells	CL:0000236	TS_Vasculature_cellxgene_source.h5ad	False	False	CL:0000236	1	148	0.7781334249394501	1.106923	0.02401
A	b-cells	CL:0000236	TS_bone_marrow.h5ad	False	False	CL:0000236	1	1819	0.7781334249394501	1.400721	1.027136
A	b-cells	CL:0000236	TS_kidney.h5ad	False	False	CL:0000236	1	494	0.7781334249394501	1.453412	1.312078
A	b-cells	CL:0000236	TS_large_intestine.h5ad	False	False	CL:0000236	1	2069	0.7781334249394501	1.466107	1.453931
A	b-cells	CL:0000236	TS_prostate.h5ad	False	False	CL:0000236	1	101	0.7781334249394501	1.180124	0.349559
A	b-cells	CL:0000236	TS_small_intestine.h5ad	False	False	CL:0000236	1	773	0.7781334249394501	1.06614	-0.371143
A	b-cells	CL:0000236	TS_uterus.h5ad	False	False	CL:0000236	1	50	0.7781334249394501	0.474885	-2.762633
A	b-cells	CL:0000236	synovium_RA.h5ad	False	False	CL:0000787;CL:0000788;CL:0000980	3	14410	0.7781334249394501	1.339641	0.054174
A	macrophages	CL:0000235	2adb1f8a_Construction_of_a_human_cell_landscape_at_single.h5ad	False	False	CL:0000235;CL:0000890	2	38708	0.9482211871831948	1.786604	1.820102
A	macrophages	CL:0000235	HBCA_microglia.h5ad	False	False	CL:0000129;CL:0000878	2	91838	0.9482211871831948	1.464118	0.926017
A	macrophages	CL:0000235	HLiCA_myeloid.h5ad	False	False	CL:0000091;CL:4047053	2	14155	0.9482211871831948	1.574282	0.451521
A	macrophages	CL:0000235	Krasnow_lung_10X.h5ad	False	False	CL:0000235;CL:0000583	2	14960	0.9482211871831948	1.666915	0.992728
A	macrophages	CL:0000235	TS_Vasculature_cellxgene_source.h5ad	False	False	CL:0000235	1	7518	0.9482211871831948	1.401623	0.977558
A	macrophages	CL:0000235	TS_bone_marrow.h5ad	False	False	CL:0000235	1	358	0.9482211871831948	1.335115	0.787547
A	macrophages	CL:0000235	TS_kidney.h5ad	False	False	CL:0000235	1	339	0.9482211871831948	1.199249	0.059601
A	macrophages	CL:0000235	TS_large_intestine.h5ad	False	False	CL:0009038	1	328	0.9482211871831948	1.440236	1.343705
A	macrophages	CL:0000235	TS_muscle.h5ad	False	False	CL:0000235	1	2729	0.9482211871831948	1.47777	1.347137
A	macrophages	CL:0000235	TS_prostate.h5ad	False	False	CL:0000235	1	1022	0.9482211871831948	1.483277	1.286223
A	macrophages	CL:0000235	TS_skin.h5ad	False	False	CL:0000235	1	3321	0.9482211871831948	1.522979	1.610788
A	macrophages	CL:0000235	TS_small_intestine.h5ad	False	False	CL:0000235	1	366	0.9482211871831948	1.295853	0.548593
A	macrophages	CL:0000235	TS_testis.h5ad	False	False	CL:0000864	1	54	0.9482211871831948	1.461309	1.58018
A	macrophages	CL:0000235	TS_uterus.h5ad	False	False	CL:0000235	1	929	0.9482211871831948	1.602312	1.305758
A	monocytes	CL:0000576	2adb1f8a_Construction_of_a_human_cell_landscape_at_single.h5ad	False	False	CL:0000576	1	19248	1.0018407175609303	1.702644	1.466155
A	monocytes	CL:0000576	HLiCA_myeloid.h5ad	False	False	CL:0000576;CL:0000860;CL:0000875;CL:4047060	4	34639	1.0018407175609303	1.470944	-0.802825
A	monocytes	CL:0000576	Krasnow_lung_10X.h5ad	False	False	CL:0000576;CL:0000860;CL:0000875;CL:0002393	4	3276	1.0018407175609303	1.647772	0.884991
A	monocytes	CL:0000576	TS_Vasculature_cellxgene_source.h5ad	False	False	CL:0000576	1	427	1.0018407175609303	1.283106	0.594076
A	monocytes	CL:0000576	TS_bone_marrow.h5ad	False	False	CL:0000576;CL:0000860;CL:0000875;CL:0002393	4	2548	1.0018407175609303	1.525873	1.484181
A	monocytes	CL:0000576	TS_kidney.h5ad	False	False	CL:0000576	1	54	1.0018407175609303	1.230942	0.215779
A	monocytes	CL:0000576	TS_large_intestine.h5ad	False	False	CL:0000576	1	66	1.0018407175609303	1.155764	0.131699
A	monocytes	CL:0000576	TS_small_intestine.h5ad	False	False	CL:0000576	1	78	1.0018407175609303	1.344769	0.744447
A	monocytes	CL:0000576	synovium_RA.h5ad	False	False	CL:0000860;CL:0000875	2	17562	1.0018407175609303	1.564669	1.698763
A	kupffer cells	CL:0000091	HLiCA_myeloid.h5ad	False	False	CL:0000091	1	12469	1.014404704380472	1.555104	0.218735
A	urothelial cells	CL:0000731	3e524d45_Human_adult_ureter.h5ad	True	False	CL:0000731;CL:1000486;CL:4030055;CL:4030056	4	14848	1.1309346008112953	1.392592	-0.056181
A	urothelial cells	CL:0000731	8e5978bd_Adult_bladder_urothelial_subset.h5ad	True	False	CL:1000486;CL:4030055;CL:4030056	3	14776	1.1309346008112953	1.667176	0.424741
A	neutrophils	CL:0000775	2adb1f8a_Construction_of_a_human_cell_landscape_at_single.h5ad	False	False	CL:0000775	1	18545	1.2004328685160923	1.331219	-0.099645
A	neutrophils	CL:0000775	HLiCA_myeloid.h5ad	False	False	CL:0000096	1	2906	1.2004328685160923	1.741868	2.485724
A	neutrophils	CL:0000775	TS_Vasculature_cellxgene_source.h5ad	False	False	CL:0000775	1	1440	1.2004328685160923	1.152426	0.171242
A	neutrophils	CL:0000775	TS_bone_marrow.h5ad	False	False	CL:0000775	1	8677	1.2004328685160923	1.00618	-0.413701
A	neutrophils	CL:0000775	TS_muscle.h5ad	False	False	CL:0000775	1	174	1.2004328685160923	1.054217	-0.00219
A	neutrophils	CL:0000775	TS_prostate.h5ad	False	False	CL:0000775	1	261	1.2004328685160923	1.008962	-0.179285
A	neutrophils	CL:0000775	TS_skin.h5ad	False	False	CL:0000775	1	290	1.2004328685160923	1.245338	0.53919
A	neutrophils	CL:0000775	TS_small_intestine.h5ad	False	False	CL:0000775	1	77	1.2004328685160923	0.86486	-1.177036
A	neutrophils	CL:0000775	TS_uterus.h5ad	False	False	CL:0000775	1	103	1.2004328685160923	1.360689	0.433849
A	enterocytes	CL:0000584	2adb1f8a_Construction_of_a_human_cell_landscape_at_single.h5ad	False	False	CL:0000584	1	36440	1.283708611085192	1.42038	0.276231
A	enterocytes	CL:0000584	TS_large_intestine.h5ad	False	False	CL:0002071;CL:4030026	2	5657	1.283708611085192	0.892433	-0.990232
A	enterocytes	CL:0000584	TS_small_intestine.h5ad	False	False	CL:1000339;CL:1000340;CL:1000341;CL:1000342;CL:4030026	5	22672	1.283708611085192	1.135942	-0.091666
A	plasma cells	CL:0000786	2adb1f8a_Construction_of_a_human_cell_landscape_at_single.h5ad	False	False	CL:0000786	1	27737	1.3706695036705003	1.581491	0.955419
A	plasma cells	CL:0000786	Krasnow_lung_10X.h5ad	False	False	CL:0000786	1	187	1.3706695036705003	1.54951	0.331979
A	plasma cells	CL:0000786	TS_Vasculature_cellxgene_source.h5ad	False	False	CL:0000786	1	68	1.3706695036705003	0.871964	-0.736239
A	plasma cells	CL:0000786	TS_bone_marrow.h5ad	False	False	CL:0000786	1	1448	1.3706695036705003	1.156727	0.136086
A	plasma cells	CL:0000786	TS_large_intestine.h5ad	False	False	CL:0000786	1	3308	1.3706695036705003	1.143263	0.078438
A	plasma cells	CL:0000786	TS_skin.h5ad	False	False	CL:0000786	1	86	1.3706695036705003	1.395898	1.120299
A	plasma cells	CL:0000786	TS_small_intestine.h5ad	False	False	CL:0000786	1	822	1.3706695036705003	1.111331	-0.190202
A	pdcs	CL:0001058	Krasnow_lung_10X.h5ad	False	False	CL:0001058	1	137	1.4139787601437532	1.825189	1.883489
B	erythrocytes	CL:0000232	TS_Vasculature_cellxgene_source.h5ad	True	False	CL:0000232	1	83	-2.0367722408262794	0.105583	-3.215986
B	erythrocytes	CL:0000232	TS_bone_marrow.h5ad	True	False	CL:0000232	1	453	-2.0367722408262794	0.323628	-2.906336
B	erythrocytes	CL:0000232	TS_muscle.h5ad	True	False	CL:0000232	1	124	-2.0367722408262794	0.528639	-1.676542
B	erythrocytes	CL:0000232	TS_prostate.h5ad	True	False	CL:0000232	1	139	-2.0367722408262794	0.187883	-2.716204
B	retinal ganglion cells	CL:0000740	e6dad530_All_cell_types_of_human_eye.h5ad	True	False	CL:0000740	1	2433	-1.2905871252672851	1.313417	0.336972
B	cardiomyocytes	CL:0000746	2adb1f8a_Construction_of_a_human_cell_landscape_at_single.h5ad	True	False	CL:2000046	1	3007	-1.055060650434859	1.069029	-1.204947
B	erythrocyte progenitors	CL:0000038	2adb1f8a_Construction_of_a_human_cell_landscape_at_single.h5ad	True	False	CL:0000038	1	12049	-1.037383626736336	1.092502	-1.105991
B	erythrocyte progenitors	CL:0000038	TS_bone_marrow.h5ad	True	False	CL:0000038	1	971	-1.037383626736336	0.713293	-1.483306
B	retinal pigment epithelial cells	CL:0002586	e6dad530_All_cell_types_of_human_eye.h5ad	True	False	CL:0002586	1	1704	-1.0245655711730601	1.020086	-1.031012
B	megakaryocyte-erythroid progenitors	CL:0000038	2adb1f8a_Construction_of_a_human_cell_landscape_at_single.h5ad	True	False	CL:0000038	1	12049	-0.9184204228504799	1.092502	-1.105991
B	megakaryocyte-erythroid progenitors	CL:0000038	TS_bone_marrow.h5ad	True	False	CL:0000038	1	971	-0.9184204228504799	0.713293	-1.483306
B	differentiating spermatogonia	CL:0000020	TS_testis.h5ad	True	False	CL:0000020	1	64	-0.7943535163432704	0.713328	-0.698289
B	sertoli cells	CL:0000216	2adb1f8a_Construction_of_a_human_cell_landscape_at_single.h5ad	True	False	CL:0000216	1	1192	-0.6768722177761943	1.290724	-0.270358
B	sertoli cells	CL:0000216	43dc52cb_Human_embryonic_male_gonadal_tissue.h5ad	True	False	CL:0000216	1	6726	-0.6768722177761943	0.983902	0.606847
B	proximal tubule cells	CL:0002306	2adb1f8a_Construction_of_a_human_cell_landscape_at_single.h5ad	True	False	CL:0002306	1	2023	-0.6551147720743185	1.042074	-1.318578
B	hematopoietic stem cells	CL:0000037	2adb1f8a_Construction_of_a_human_cell_landscape_at_single.h5ad	True	False	CL:2000095	1	9056	-0.6522252068257759	1.353604	-0.005275
B	hematopoietic stem cells	CL:0000037	TS_bone_marrow.h5ad	True	False	CL:0000037	1	792	-0.6522252068257759	1.084019	-0.12944
B	undifferentiated spermatogonia	CL:0000020	TS_testis.h5ad	True	False	CL:0000020	1	64	-0.6236066640927691	0.713328	-0.698289
B	smooth muscle cells	CL:0000192	2adb1f8a_Construction_of_a_human_cell_landscape_at_single.h5ad	True	False	CL:0000192	1	22077	-0.37224580665519746	1.341111	-0.05794
B	smooth muscle cells	CL:0000192	3e524d45_Human_adult_ureter.h5ad	True	False	CL:0000192	1	572	-0.37224580665519746	1.248262	-1.759158
B	smooth muscle cells	CL:0000192	43dc52cb_Human_embryonic_male_gonadal_tissue.h5ad	True	False	CL:0000192	1	105	-0.37224580665519746	0.811143	-1.351101
B	smooth muscle cells	CL:0000192	HBCA_vascular.h5ad	True	False	CL:0000359	1	1074	-0.37224580665519746	1.263794	-0.894704
B	smooth muscle cells	CL:0000192	Krasnow_lung_10X.h5ad	True	False	CL:0000359;CL:0002598	2	1162	-0.37224580665519746	1.33732	-0.86222
B	smooth muscle cells	CL:0000192	TS_Vasculature_cellxgene_source.h5ad	True	False	CL:0000192	1	8587	-0.37224580665519746	1.109219	0.031437
B	smooth muscle cells	CL:0000192	TS_muscle.h5ad	True	False	CL:0000192	1	218	-0.37224580665519746	0.711871	-1.092814
B	smooth muscle cells	CL:0000192	TS_prostate.h5ad	True	False	CL:0000192	1	477	-0.37224580665519746	0.747017	-0.988627
B	smooth muscle cells	CL:0000192	TS_skin.h5ad	True	False	CL:0000192	1	504	-0.37224580665519746	1.084104	-0.083117
B	smooth muscle cells	CL:0000192	TS_uterus.h5ad	True	False	CL:0000359;CL:0002366	2	4512	-0.37224580665519746	1.079864	-0.579527
B	oligodendrocytes	CL:0000128	2adb1f8a_Construction_of_a_human_cell_landscape_at_single.h5ad	False	False	CL:0000128	1	7771	-0.23241886513959706	1.236897	-0.497271
B	neutrophil progenitors	CL:0000775	2adb1f8a_Construction_of_a_human_cell_landscape_at_single.h5ad	False	False	CL:0000775	1	18545	-0.11148074830859617	1.331219	-0.099645
B	neutrophil progenitors	CL:0000775	HLiCA_myeloid.h5ad	False	False	CL:0000096	1	2906	-0.11148074830859617	1.741868	2.485724
B	neutrophil progenitors	CL:0000775	TS_Vasculature_cellxgene_source.h5ad	False	False	CL:0000775	1	1440	-0.11148074830859617	1.152426	0.171242
B	neutrophil progenitors	CL:0000775	TS_bone_marrow.h5ad	False	False	CL:0000775	1	8677	-0.11148074830859617	1.00618	-0.413701
B	neutrophil progenitors	CL:0000775	TS_muscle.h5ad	False	False	CL:0000775	1	174	-0.11148074830859617	1.054217	-0.00219
B	neutrophil progenitors	CL:0000775	TS_prostate.h5ad	False	False	CL:0000775	1	261	-0.11148074830859617	1.008962	-0.179285
B	neutrophil progenitors	CL:0000775	TS_skin.h5ad	False	False	CL:0000775	1	290	-0.11148074830859617	1.245338	0.53919
B	neutrophil progenitors	CL:0000775	TS_small_intestine.h5ad	False	False	CL:0000775	1	77	-0.11148074830859617	0.86486	-1.177036
B	neutrophil progenitors	CL:0000775	TS_uterus.h5ad	False	False	CL:0000775	1	103	-0.11148074830859617	1.360689	0.433849
B	mast cells	CL:0000097	2adb1f8a_Construction_of_a_human_cell_landscape_at_single.h5ad	False	False	CL:0000097	1	1658	-0.1035310790734263	1.452944	0.413508
B	mast cells	CL:0000097	3e524d45_Human_adult_ureter.h5ad	False	False	CL:0000097	1	249	-0.1035310790734263	1.314403	-0.978742
B	mast cells	CL:0000097	TS_Vasculature_cellxgene_source.h5ad	False	False	CL:0000097	1	159	-0.1035310790734263	0.592794	-1.639537
B	mast cells	CL:0000097	TS_large_intestine.h5ad	False	False	CL:0000097	1	393	-0.1035310790734263	0.917628	-0.882888
B	mast cells	CL:0000097	TS_muscle.h5ad	False	False	CL:0000097	1	66	-0.1035310790734263	0.856758	-0.63124
B	mast cells	CL:0000097	TS_skin.h5ad	False	False	CL:0000097	1	2001	-0.1035310790734263	0.904101	-0.777864
B	mast cells	CL:0000097	TS_small_intestine.h5ad	False	False	CL:0000097	1	250	-0.1035310790734263	0.372675	-3.147671
B	mast cells	CL:0000097	TS_uterus.h5ad	False	False	CL:0000097	1	65	-0.1035310790734263	1.150407	-0.324969
B	vascular smooth muscle cells	CL:0000359	HBCA_vascular.h5ad	False	False	CL:0000359	1	1074	-0.09055465003887449	1.263794	-0.894704
B	vascular smooth muscle cells	CL:0000359	Krasnow_lung_10X.h5ad	False	False	CL:0000359	1	469	-0.09055465003887449	1.375597	-0.646799
B	vascular smooth muscle cells	CL:0000359	TS_uterus.h5ad	False	False	CL:0000359	1	3595	-0.09055465003887449	1.095367	-0.523585
B	choroid plexus epithelial cells	CL:0000706	cfa755c1_Supercluster__Choroid_plexus.h5ad	True	True	CL:0000706	1	7689	-0.0800387291068354	1.003277	-3e-06
B	peritubular myoid cells	CL:0002481	TS_testis.h5ad	False	False	CL:0002481	1	67	-0.06952607915333907	1.061067	0.360979
B	alveolar cells type 2	CL:0002063	2adb1f8a_Construction_of_a_human_cell_landscape_at_single.h5ad	False	False	CL:0002063	1	7403	-0.06798349347559068	1.45226	0.410624
B	alveolar cells type 2	CL:0002063	Krasnow_lung_10X.h5ad	False	False	CL:0002063	1	3814	-0.06798349347559068	1.110661	-2.137854
B	astrocytes	CL:0000127	2adb1f8a_Construction_of_a_human_cell_landscape_at_single.h5ad	False	False	CL:0000127	1	3349	-0.018431544209654704	1.402796	0.202101
B	astrocytes	CL:0000127	e6dad530_All_cell_types_of_human_eye.h5ad	False	False	CL:0000127	1	574	-0.018431544209654704	1.487091	1.146916
B	melanocytes	CL:0000148	TS_skin.h5ad	False	False	CL:0000148	1	106	-0.001949988733687268	0.796007	-1.19507
B	mesothelial cells	CL:0000077	2adb1f8a_Construction_of_a_human_cell_landscape_at_single.h5ad	False	False	CL:0000077;CL:0000216	2	3855	0.028007979039375176	1.574101	0.924265
B	mesothelial cells	CL:0000077	43dc52cb_Human_embryonic_male_gonadal_tissue.h5ad	False	False	CL:0000216	1	6726	0.028007979039375176	0.983902	0.606847
B	mesothelial cells	CL:0000077	TS_testis.h5ad	False	False	CL:0002481	1	67	0.028007979039375176	1.061067	0.360979
B	tuft cells	CL:0002204	TS_large_intestine.h5ad	False	False	CL:0009041	1	178	0.03402448454815358	0.52582	-2.552202
B	tuft cells	CL:0002204	TS_small_intestine.h5ad	False	False	CL:0019032	1	448	0.03402448454815358	1.269583	0.443415
B	respiratory basal cells	CL:0002633	Krasnow_lung_10X.h5ad	False	False	CL:0002633	1	593	0.06694899541305406	1.384319	-0.597712
B	cholangiocytes	CL:1000488	HLiCA_cholangiocyte.h5ad	False	False	CL:0002538;CL:1000488;CL:4047056	3	8811	0.07428179980507389	1.279515	-0.092887
B	fibroblasts	CL:0000057	2adb1f8a_Construction_of_a_human_cell_landscape_at_single.h5ad	False	False	CL:0000057	1	53467	0.10386309342483842	1.481888	0.535523
B	fibroblasts	CL:0000057	3e524d45_Human_adult_ureter.h5ad	False	False	CL:0000057	1	2541	0.10386309342483842	1.257534	-1.649755
B	fibroblasts	CL:0000057	Krasnow_lung_10X.h5ad	False	False	CL:0000057	1	1951	0.10386309342483842	1.332503	-0.889333
B	fibroblasts	CL:0000057	TS_Vasculature_cellxgene_source.h5ad	False	False	CL:0000057	1	12698	0.10386309342483842	1.046815	-0.17048
B	fibroblasts	CL:0000057	TS_large_intestine.h5ad	False	False	CL:0000057	1	2597	0.10386309342483842	1.079003	-0.195342
B	fibroblasts	CL:0000057	TS_muscle.h5ad	False	False	CL:0000388	1	420	0.10386309342483842	1.290804	0.751515
B	fibroblasts	CL:0000057	TS_prostate.h5ad	False	False	CL:0000057	1	519	0.10386309342483842	1.094702	0.085628
B	fibroblasts	CL:0000057	TS_skin.h5ad	False	False	CL:0000057	1	4133	0.10386309342483842	1.143286	0.145304
B	fibroblasts	CL:0000057	TS_small_intestine.h5ad	False	False	CL:0000057	1	493	0.10386309342483842	0.989871	-0.676513
B	fibroblasts	CL:0000057	TS_uterus.h5ad	False	False	CL:0000057	1	6593	0.10386309342483842	1.433736	0.697441
B	lymphatic endothelial cells	CL:0002138	HLiCA_endothelial.h5ad	False	False	CL:0002138	1	628	0.18692794808558313	1.251962	-1.609196
B	lymphatic endothelial cells	CL:0002138	Krasnow_lung_10X.h5ad	False	False	CL:0002138	1	467	0.18692794808558313	1.537947	0.2669
B	lymphatic endothelial cells	CL:0002138	TS_Vasculature_cellxgene_source.h5ad	False	False	CL:0002138	1	198	0.18692794808558313	1.048475	-0.165109
B	lymphatic endothelial cells	CL:0002138	TS_muscle.h5ad	False	False	CL:0002138	1	155	0.18692794808558313	1.331024	0.879645
B	lymphatic endothelial cells	CL:0002138	TS_small_intestine.h5ad	False	False	CL:0002138	1	73	0.18692794808558313	0.898492	-1.04238
B	ependymal cells	CL:0000065	cfa755c1_Supercluster__Choroid_plexus.h5ad	False	True	CL:0000706	1	7689	0.19030534952240838	1.003277	-3e-06
B	gastric chief cells	CL:0000155	2adb1f8a_Construction_of_a_human_cell_landscape_at_single.h5ad	False	False	CL:0000155	1	4973	0.19309378364679966	1.180658	-0.734357
B	innate lymphoid cells	CL:0001065	Krasnow_lung_10X.h5ad	False	False	CL:0000623	1	4769	0.21948165266438113	1.414986	-0.425123
B	innate lymphoid cells	CL:0001065	TS_Vasculature_cellxgene_source.h5ad	False	False	CL:0000623	1	242	0.21948165266438113	1.301115	0.652348
B	innate lymphoid cells	CL:0001065	TS_bone_marrow.h5ad	False	False	CL:0000623	1	1099	0.21948165266438113	1.12164	0.007951
B	innate lymphoid cells	CL:0001065	TS_kidney.h5ad	False	False	CL:0000623	1	201	0.21948165266438113	1.250029	0.309838
B	innate lymphoid cells	CL:0001065	TS_muscle.h5ad	False	False	CL:0000623	1	91	0.21948165266438113	1.176789	0.388293
B	innate lymphoid cells	CL:0001065	TS_skin.h5ad	False	False	CL:0000623	1	64	0.21948165266438113	1.004451	-0.390548
B	innate lymphoid cells	CL:0001065	TS_small_intestine.h5ad	False	False	CL:0000623	1	161	0.21948165266438113	1.190204	0.125592
B	innate lymphoid cells	CL:0001065	TS_uterus.h5ad	False	False	CL:0000623	1	92	0.21948165266438113	1.349698	0.394187
B	innate lymphoid cells	CL:0001065	synovium_RA.h5ad	False	False	CL:0000623	1	9698	0.21948165266438113	1.290768	-0.30301
B	pericytes	CL:0000669	HBCA_vascular.h5ad	False	False	CL:0000669	1	3693	0.24039918187271206	1.349255	-0.501135
B	pericytes	CL:0000669	Krasnow_lung_10X.h5ad	False	False	CL:0000669	1	1608	0.24039918187271206	1.500993	0.058927
B	pericytes	CL:0000669	TS_Vasculature_cellxgene_source.h5ad	False	False	CL:0000669	1	1771	0.24039918187271206	0.94466	-0.501019
B	pericytes	CL:0000669	TS_muscle.h5ad	False	False	CL:0000669	1	2390	0.24039918187271206	1.218361	0.520729
B	pericytes	CL:0000669	TS_uterus.h5ad	False	False	CL:0000669	1	1033	0.24039918187271206	0.847794	-1.416969
B	paneth cells	CL:0000510	TS_large_intestine.h5ad	False	False	CL:0009009	1	217	0.2421811271191973	1.04301	-0.348691
B	paneth cells	CL:0000510	TS_small_intestine.h5ad	False	False	CL:1000343	1	1853	0.2421811271191973	1.153715	-0.020504
B	nk-cells	CL:0000623	Krasnow_lung_10X.h5ad	False	False	CL:0000623	1	4769	0.2747523226366519	1.414986	-0.425123
B	nk-cells	CL:0000623	TS_Vasculature_cellxgene_source.h5ad	False	False	CL:0000623	1	242	0.2747523226366519	1.301115	0.652348
B	nk-cells	CL:0000623	TS_bone_marrow.h5ad	False	False	CL:0000623	1	1099	0.2747523226366519	1.12164	0.007951
B	nk-cells	CL:0000623	TS_kidney.h5ad	False	False	CL:0000623	1	201	0.2747523226366519	1.250029	0.309838
B	nk-cells	CL:0000623	TS_muscle.h5ad	False	False	CL:0000623	1	91	0.2747523226366519	1.176789	0.388293
B	nk-cells	CL:0000623	TS_skin.h5ad	False	False	CL:0000623	1	64	0.2747523226366519	1.004451	-0.390548
B	nk-cells	CL:0000623	TS_small_intestine.h5ad	False	False	CL:0000623	1	161	0.2747523226366519	1.190204	0.125592
B	nk-cells	CL:0000623	TS_uterus.h5ad	False	False	CL:0000623	1	92	0.2747523226366519	1.349698	0.394187
B	nk-cells	CL:0000623	synovium_RA.h5ad	False	False	CL:0000623	1	9698	0.2747523226366519	1.290768	-0.30301
B	respiratory secretory cells	CL:1000272	Krasnow_lung_10X.h5ad	False	False	CL:1000143	1	159	0.39648665571262764	1.4029	-0.49314
B	alveolar cells type 1	CL:0002062	Krasnow_lung_10X.h5ad	False	False	CL:0002062	1	972	0.46394438715764547	1.703173	1.196789
B	hepatocytes	CL:0000182	HLiCA_hepatocyte.h5ad	False	False	CL:0000182;CL:0019026;CL:0019029	3	227189	0.46690448673783624	1.278754	0.155194
B	t-cells	CL:0000084	2adb1f8a_Construction_of_a_human_cell_landscape_at_single.h5ad	False	False	CL:0000084	1	27547	0.524545614384698	1.663735	1.302128
B	t-cells	CL:0000084	3e524d45_Human_adult_ureter.h5ad	False	False	CL:0000084;CL:0000814;CL:0000910	3	7072	0.524545614384698	1.470932	0.868163
B	t-cells	CL:0000084	Krasnow_lung_10X.h5ad	False	False	CL:0000814;CL:0000895;CL:0000900;CL:0000905;CL:0000913	5	7512	0.524545614384698	1.462367	-0.158461
B	t-cells	CL:0000084	TS_Vasculature_cellxgene_source.h5ad	False	False	CL:0000624;CL:0000625;CL:0000814	3	2775	0.524545614384698	1.139367	0.128987
B	t-cells	CL:0000084	TS_bone_marrow.h5ad	False	False	CL:0000084;CL:0000624;CL:0000625;CL:0000814	4	5971	0.524545614384698	1.32992	0.768576
B	t-cells	CL:0000084	TS_kidney.h5ad	False	False	CL:0000624;CL:0000625	2	836	0.524545614384698	1.239276	0.25685
B	t-cells	CL:0000084	TS_large_intestine.h5ad	False	False	CL:0000624;CL:0000625;CL:0000798;CL:0000815;CL:0000895	5	9919	0.524545614384698	1.379672	1.085672
B	t-cells	CL:0000084	TS_muscle.h5ad	False	False	CL:0000084;CL:0000624;CL:0000625;CL:0000814	4	2137	0.524545614384698	1.135449	0.256594
B	t-cells	CL:0000084	TS_prostate.h5ad	False	False	CL:0000624;CL:0000625;CL:0000814	3	3119	0.524545614384698	1.297102	0.710991
B	t-cells	CL:0000084	TS_skin.h5ad	False	False	CL:0000084;CL:0000624;CL:0000625;CL:0000815	4	4805	0.524545614384698	1.21327	0.415418
B	t-cells	CL:0000084	TS_small_intestine.h5ad	False	False	CL:0000624;CL:0000625;CL:0000798;CL:0000895;CL:0000896;CL:0000906	6	10580	0.524545614384698	1.306197	0.590011
B	t-cells	CL:0000084	TS_uterus.h5ad	False	False	CL:0000624;CL:0000625;CL:0000814	3	1986	0.524545614384698	1.485884	0.885622
B	t-cells	CL:0000084	synovium_RA.h5ad	False	False	CL:0000624;CL:0000798;CL:0000895;CL:0000900;CL:0000904;CL:0000905;CL:0000909;CL:0001062	8	61000	0.524545614384698	1.284902	-0.345885
B	respiratory ciliated cells	CL:4030034	Krasnow_lung_10X.h5ad	False	False	CL:1000271	1	1321	0.572022113310915	1.656209	0.932476
B	goblet cells	CL:0000160	2adb1f8a_Construction_of_a_human_cell_landscape_at_single.h5ad	False	False	CL:0000160	1	7191	0.6336416705094098	1.513459	0.668617
B	goblet cells	CL:0000160	Krasnow_lung_10X.h5ad	False	False	CL:1000143	1	159	0.6336416705094098	1.4029	-0.49314
B	goblet cells	CL:0000160	TS_large_intestine.h5ad	False	False	CL:1000320	1	1557	0.6336416705094098	1.268559	0.612269
B	goblet cells	CL:0000160	TS_small_intestine.h5ad	False	False	CL:1000495	1	2044	0.6336416705094098	1.357061	0.793662
B	cdc	CL:0000990	HLiCA_myeloid.h5ad	False	False	CL:0000990	1	11592	0.6358376400546567	1.481032	-0.680365
B	cdc	CL:0000990	Krasnow_lung_10X.h5ad	False	False	CL:0001057;CL:0002399	2	397	0.6358376400546567	1.568127	0.436755
B	cdc	CL:0000990	TS_bone_marrow.h5ad	False	False	CL:0000782	1	108	0.6358376400546567	0.930972	-0.688357
B	cdc	CL:0000990	TS_skin.h5ad	False	False	CL:0000453;CL:0000782	2	184	0.6358376400546567	1.282343	0.682015
B	cdc	CL:0000990	synovium_RA.h5ad	False	False	CL:0000782	1	6047	0.6358376400546567	1.133804	-1.450162
B	vascular endothelial cells	CL:0000115	2adb1f8a_Construction_of_a_human_cell_landscape_at_single.h5ad	False	False	CL:0000115	1	33863	0.7253195051956713	1.606976	1.062854
B	vascular endothelial cells	CL:0000115	3e524d45_Human_adult_ureter.h5ad	False	False	CL:0000115	1	634	0.7253195051956713	1.460748	0.74799
B	vascular endothelial cells	CL:0000115	43dc52cb_Human_embryonic_male_gonadal_tissue.h5ad	False	False	CL:0000115	1	414	0.7253195051956713	1.009641	0.89856
B	vascular endothelial cells	CL:0000115	HBCA_vascular.h5ad	False	False	CL:0000115	1	5165	0.7253195051956713	1.761169	1.395829
B	vascular endothelial cells	CL:0000115	HLiCA_endothelial.h5ad	False	False	CL:0000071;CL:0002138;CL:0002262;CL:0009094;CL:0019021;CL:0019022;CL:1000413	7	86328	0.7253195051956713	1.383287	0.161821
B	vascular endothelial cells	CL:0000115	Krasnow_lung_10X.h5ad	False	False	CL:0000115;CL:0002138;CL:0002144;CL:0002543;CL:1000413	5	16631	0.7253195051956713	1.677615	1.052947
B	vascular endothelial cells	CL:0000115	TS_Vasculature_cellxgene_source.h5ad	False	False	CL:0000115;CL:0002138;CL:0002144;CL:0002543;CL:1000413	5	6443	0.7253195051956713	1.296187	0.636403
B	vascular endothelial cells	CL:0000115	TS_kidney.h5ad	False	False	CL:0000115	1	101	0.7253195051956713	1.339755	0.751993
B	vascular endothelial cells	CL:0000115	TS_large_intestine.h5ad	False	False	CL:1001572	1	348	0.7253195051956713	1.336363	0.901152
B	vascular endothelial cells	CL:0000115	TS_muscle.h5ad	False	False	CL:0000115;CL:0002138;CL:0002139;CL:0002144;CL:1000413	5	7876	0.7253195051956713	1.421232	1.167022
B	vascular endothelial cells	CL:0000115	TS_prostate.h5ad	False	False	CL:0000115	1	1205	0.7253195051956713	1.174377	0.331802
B	vascular endothelial cells	CL:0000115	TS_skin.h5ad	False	False	CL:0000115	1	2076	0.7253195051956713	1.232847	0.490979
B	vascular endothelial cells	CL:0000115	TS_small_intestine.h5ad	False	False	CL:0002138;CL:1000412;CL:1000414	3	257	0.7253195051956713	1.464766	1.224896
B	vascular endothelial cells	CL:0000115	TS_testis.h5ad	False	False	CL:0000115	1	53	0.7253195051956713	1.34299	1.219763
B	vascular endothelial cells	CL:0000115	TS_uterus.h5ad	False	False	CL:0000115	1	4697	0.7253195051956713	1.565313	1.172244
B	microglia	CL:0000129	HBCA_microglia.h5ad	False	False	CL:0000129	1	88494	0.7595077062580641	1.457301	-0.999723
B	b-cells	CL:0000236	2adb1f8a_Construction_of_a_human_cell_landscape_at_single.h5ad	False	False	CL:0000236	1	7036	0.7781334249394501	1.738589	1.617686
B	b-cells	CL:0000236	3e524d45_Human_adult_ureter.h5ad	False	False	CL:0000236	1	585	0.7781334249394501	1.367248	-0.355221
B	b-cells	CL:0000236	Krasnow_lung_10X.h5ad	False	False	CL:0000236	1	725	0.7781334249394501	1.491434	0.005128
B	b-cells	CL:0000236	TS_Vasculature_cellxgene_source.h5ad	False	False	CL:0000236	1	148	0.7781334249394501	1.106923	0.02401
B	b-cells	CL:0000236	TS_bone_marrow.h5ad	False	False	CL:0000236	1	1819	0.7781334249394501	1.400721	1.027136
B	b-cells	CL:0000236	TS_kidney.h5ad	False	False	CL:0000236	1	494	0.7781334249394501	1.453412	1.312078
B	b-cells	CL:0000236	TS_large_intestine.h5ad	False	False	CL:0000236	1	2069	0.7781334249394501	1.466107	1.453931
B	b-cells	CL:0000236	TS_prostate.h5ad	False	False	CL:0000236	1	101	0.7781334249394501	1.180124	0.349559
B	b-cells	CL:0000236	TS_small_intestine.h5ad	False	False	CL:0000236	1	773	0.7781334249394501	1.06614	-0.371143
B	b-cells	CL:0000236	TS_uterus.h5ad	False	False	CL:0000236	1	50	0.7781334249394501	0.474885	-2.762633
B	b-cells	CL:0000236	synovium_RA.h5ad	False	False	CL:0000787;CL:0000788;CL:0000980	3	14410	0.7781334249394501	1.339641	0.054174
B	macrophages	CL:0000235	2adb1f8a_Construction_of_a_human_cell_landscape_at_single.h5ad	False	False	CL:0000235;CL:0000890	2	38708	0.9482211871831948	1.786604	1.820102
B	macrophages	CL:0000235	HBCA_microglia.h5ad	False	False	CL:0000129;CL:0000878	2	91838	0.9482211871831948	1.464118	0.926017
B	macrophages	CL:0000235	HLiCA_myeloid.h5ad	False	False	CL:0000091;CL:4047053	2	14155	0.9482211871831948	1.574282	0.451521
B	macrophages	CL:0000235	Krasnow_lung_10X.h5ad	False	False	CL:0000235;CL:0000583	2	14960	0.9482211871831948	1.666915	0.992728
B	macrophages	CL:0000235	TS_Vasculature_cellxgene_source.h5ad	False	False	CL:0000235	1	7518	0.9482211871831948	1.401623	0.977558
B	macrophages	CL:0000235	TS_bone_marrow.h5ad	False	False	CL:0000235	1	358	0.9482211871831948	1.335115	0.787547
B	macrophages	CL:0000235	TS_kidney.h5ad	False	False	CL:0000235	1	339	0.9482211871831948	1.199249	0.059601
B	macrophages	CL:0000235	TS_large_intestine.h5ad	False	False	CL:0009038	1	328	0.9482211871831948	1.440236	1.343705
B	macrophages	CL:0000235	TS_muscle.h5ad	False	False	CL:0000235	1	2729	0.9482211871831948	1.47777	1.347137
B	macrophages	CL:0000235	TS_prostate.h5ad	False	False	CL:0000235	1	1022	0.9482211871831948	1.483277	1.286223
B	macrophages	CL:0000235	TS_skin.h5ad	False	False	CL:0000235	1	3321	0.9482211871831948	1.522979	1.610788
B	macrophages	CL:0000235	TS_small_intestine.h5ad	False	False	CL:0000235	1	366	0.9482211871831948	1.295853	0.548593
B	macrophages	CL:0000235	TS_testis.h5ad	False	False	CL:0000864	1	54	0.9482211871831948	1.461309	1.58018
B	macrophages	CL:0000235	TS_uterus.h5ad	False	False	CL:0000235	1	929	0.9482211871831948	1.602312	1.305758
B	monocytes	CL:0000576	2adb1f8a_Construction_of_a_human_cell_landscape_at_single.h5ad	False	False	CL:0000576	1	19248	1.0018407175609303	1.702644	1.466155
B	monocytes	CL:0000576	HLiCA_myeloid.h5ad	False	False	CL:0000576;CL:0000860;CL:0000875;CL:4047060	4	34639	1.0018407175609303	1.470944	-0.802825
B	monocytes	CL:0000576	Krasnow_lung_10X.h5ad	False	False	CL:0000576;CL:0000860;CL:0000875;CL:0002393	4	3276	1.0018407175609303	1.647772	0.884991
B	monocytes	CL:0000576	TS_Vasculature_cellxgene_source.h5ad	False	False	CL:0000576	1	427	1.0018407175609303	1.283106	0.594076
B	monocytes	CL:0000576	TS_bone_marrow.h5ad	False	False	CL:0000576;CL:0000860;CL:0000875;CL:0002393	4	2548	1.0018407175609303	1.525873	1.484181
B	monocytes	CL:0000576	TS_kidney.h5ad	False	False	CL:0000576	1	54	1.0018407175609303	1.230942	0.215779
B	monocytes	CL:0000576	TS_large_intestine.h5ad	False	False	CL:0000576	1	66	1.0018407175609303	1.155764	0.131699
B	monocytes	CL:0000576	TS_small_intestine.h5ad	False	False	CL:0000576	1	78	1.0018407175609303	1.344769	0.744447
B	monocytes	CL:0000576	synovium_RA.h5ad	False	False	CL:0000860;CL:0000875	2	17562	1.0018407175609303	1.564669	1.698763
B	kupffer cells	CL:0000091	HLiCA_myeloid.h5ad	False	False	CL:0000091	1	12469	1.014404704380472	1.555104	0.218735
B	urothelial cells	CL:0000731	3e524d45_Human_adult_ureter.h5ad	True	False	CL:0000731;CL:1000486;CL:4030055;CL:4030056	4	14848	1.1309346008112953	1.392592	-0.056181
B	urothelial cells	CL:0000731	8e5978bd_Adult_bladder_urothelial_subset.h5ad	True	False	CL:1000486;CL:4030055;CL:4030056	3	14776	1.1309346008112953	1.667176	0.424741
B	neutrophils	CL:0000775	2adb1f8a_Construction_of_a_human_cell_landscape_at_single.h5ad	False	False	CL:0000775	1	18545	1.2004328685160923	1.331219	-0.099645
B	neutrophils	CL:0000775	HLiCA_myeloid.h5ad	False	False	CL:0000096	1	2906	1.2004328685160923	1.741868	2.485724
B	neutrophils	CL:0000775	TS_Vasculature_cellxgene_source.h5ad	False	False	CL:0000775	1	1440	1.2004328685160923	1.152426	0.171242
B	neutrophils	CL:0000775	TS_bone_marrow.h5ad	False	False	CL:0000775	1	8677	1.2004328685160923	1.00618	-0.413701
B	neutrophils	CL:0000775	TS_muscle.h5ad	False	False	CL:0000775	1	174	1.2004328685160923	1.054217	-0.00219
B	neutrophils	CL:0000775	TS_prostate.h5ad	False	False	CL:0000775	1	261	1.2004328685160923	1.008962	-0.179285
B	neutrophils	CL:0000775	TS_skin.h5ad	False	False	CL:0000775	1	290	1.2004328685160923	1.245338	0.53919
B	neutrophils	CL:0000775	TS_small_intestine.h5ad	False	False	CL:0000775	1	77	1.2004328685160923	0.86486	-1.177036
B	neutrophils	CL:0000775	TS_uterus.h5ad	False	False	CL:0000775	1	103	1.2004328685160923	1.360689	0.433849
B	enterocytes	CL:0000584	2adb1f8a_Construction_of_a_human_cell_landscape_at_single.h5ad	False	False	CL:0000584	1	36440	1.283708611085192	1.42038	0.276231
B	enterocytes	CL:0000584	TS_large_intestine.h5ad	False	False	CL:0002071;CL:4030026	2	5657	1.283708611085192	0.892433	-0.990232
B	enterocytes	CL:0000584	TS_small_intestine.h5ad	False	False	CL:1000339;CL:1000340;CL:1000341;CL:1000342;CL:4030026	5	22672	1.283708611085192	1.135942	-0.091666
B	plasma cells	CL:0000786	2adb1f8a_Construction_of_a_human_cell_landscape_at_single.h5ad	False	False	CL:0000786	1	27737	1.3706695036705003	1.581491	0.955419
B	plasma cells	CL:0000786	Krasnow_lung_10X.h5ad	False	False	CL:0000786	1	187	1.3706695036705003	1.54951	0.331979
B	plasma cells	CL:0000786	TS_Vasculature_cellxgene_source.h5ad	False	False	CL:0000786	1	68	1.3706695036705003	0.871964	-0.736239
B	plasma cells	CL:0000786	TS_bone_marrow.h5ad	False	False	CL:0000786	1	1448	1.3706695036705003	1.156727	0.136086
B	plasma cells	CL:0000786	TS_large_intestine.h5ad	False	False	CL:0000786	1	3308	1.3706695036705003	1.143263	0.078438
B	plasma cells	CL:0000786	TS_skin.h5ad	False	False	CL:0000786	1	86	1.3706695036705003	1.395898	1.120299
B	plasma cells	CL:0000786	TS_small_intestine.h5ad	False	False	CL:0000786	1	822	1.3706695036705003	1.111331	-0.190202
B	pdcs	CL:0001058	Krasnow_lung_10X.h5ad	False	False	CL:0001058	1	137	1.4139787601437532	1.825189	1.883489
